Word,Frequency
according,123
gran,2
company,971
no,53
plan,69
move,23
production,130
russia,85
although,3
growing,19
technopolis,17
develop,16
stage,11
area,96
le,19
square,23
meter,7
order,138
host,2
working,18
computer,15
technology,145
telecommunication,20
statement,27
said,544
international,45
electronic,22
industry,104
elcoteq,39
laid,10
ten,14
employee,84
tallinn,11
facility,70
contrary,1
earlier,83
layoff,28
contracted,4
rank,2
office,65
worker,15
daily,16
postimees,1
reported,53
new,267
plant,148
would,92
increase,108
capacity,52
meet,9
expected,79
demand,28
improve,22
use,58
raw,21
material,48
therefore,7
profitability,11
updated,4
strategy,38
year,332
basware,44
target,46
longterm,27
net,412
sale,501
growth,65
range,38
operating,299
profit,413
margin,29
financing,17
aspocomp,26
aggressively,1
pursuing,1
increasingly,4
focusing,8
technologically,2
demanding,6
hdi,1
printed,8
circuit,12
board,97
pcbs,3
last,83
quarter,242
componenta,22
doubled,5
eurm,98
period,266
moved,4
zero,1
pretax,40
loss,160
third,77
increased,109
eur,1310
mn,593
rose,102
corresponding,119
representing,17
totalled,51
teliasonera,29
tlsn,2
offer,59
line,80
ownership,12
core,16
business,286
holding,43
strengthen,16
eesti,8
telekom,1
offering,29
customer,139
stora,42
enso,39
norske,3
skog,3
mreal,30
upmkymmene,20
credit,33
suisse,2
first,193
boston,1
cfsb,1
raised,14
fair,19
value,102
share,435
four,29
largest,52
nordic,53
forestry,10
group,327
purchase,37
agreement,124
ton,15
gasoline,2
delivery,52
hamina,5
terminal,14
finland,337
signed,76
neste,27
oil,55
oyj,241
average,10
platts,1
index,26
september,64
plus,10
eight,8
u,102
dollar,12
per,129
month,91
finnish,512
talentum,16
report,92
totaled,48
clothing,17
retail,38
chain,34
seppl,2
consolidated,18
reach,13
amounted,37
compared,149
prior,7
foundry,5
division,45
machine,36
shop,10
helsinki,163
afx,27
closed,22
higher,26
led,6
nokia,139
announced,71
team,20
sanyo,1
manufacture,30
g,23
handset,28
nokian,12
tyre,16
fourthquarter,3
earnings,50
beat,1
analyst,30
expectation,5
dealer,8
incap,25
contract,169
manufacturing,58
service,339
pvt,5
ltd,63
subsidiary,62
corporation,130
double,11
revenue,64
director,80
propose,11
dividend,38
paid,20
lifetree,2
founded,10
risen,2
late,9
filippova,1
trilateral,1
investment,134
construction,109
park,22
st,37
petersburg,33
course,9
forum,2
day,40
russian,39
economy,7
opened,10
today,149
megafon,4
subscriber,7
base,26
million,442
user,28
december,31
market,287
number,75
estimate,32
income,26
life,22
insurance,33
nonlife,6
usd,87
surged,8
teleste,28
came,15
acquisition,79
made,50
nordea,45
percent,131
yearonyear,34
billion,65
euro,242
total,144
ninemonth,5
threemonth,7
brazilian,6
unit,135
security,42
solution,172
provider,51
fsecure,15
client,24
online,27
news,67
source,13
reseller,1
web,14
quoted,6
commercial,27
vladimir,2
brando,1
saying,6
lithuanian,8
beer,28
liter,22
january,55
rise,17
yearearlier,4
figure,17
brewer,3
association,12
reporting,18
citing,3
result,115
member,42
viking,15
cargo,20
volume,45
property,42
portfolio,24
kapiteeli,1
february,45
medium,77
sanoma,28
hel,121
saav,2
yesterday,25
almost,15
tripled,3
proposal,12
payout,1
eliiv,1
eps,45
aspo,30
plc,75
stock,102
exchange,70
release,55
esl,5
shipping,23
part,99
rautaruukki,22
marine,9
transport,14
baltic,47
sea,15
commission,10
lending,4
traffic,31
measured,4
passenger,26
kilometre,4
rpk,2
went,21
available,40
seat,7
ask,2
januaryseptember,15
fiskars,34
nyrstar,2
also,224
agreed,38
supply,61
talvivaara,19
tonne,28
sulphuric,2
acid,2
annum,3
leaching,1
process,54
zinc,7
concentrate,5
department,16
store,49
hobby,5
hall,7
seppala,5
decreased,79
export,22
due,39
rate,29
operation,165
strengthens,5
partnership,13
siemens,19
network,99
biohit,16
healthcare,7
ukbased,1
public,24
develops,8
liquid,14
handling,35
product,187
diagnostic,5
test,18
system,140
already,38
carried,19
lead,19
reached,12
book,14
stood,14
bln,8
pct,99
amounting,2
mln,290
paper,96
main,27
including,69
publication,5
price,110
world,53
second,83
stainless,14
steel,56
maker,80
dec,15
previous,28
within,21
framework,6
initial,8
sitronics,1
jsc,2
mikron,1
manufacturer,60
exporter,2
microelectronic,1
component,20
abroad,9
country,75
well,104
ukraine,8
standard,16
chartered,5
stan,1
ftse,8
royal,5
bank,144
scotland,1
rb,2
barclays,5
barc,2
bcs,2
corp,41
thursday,22
cell,6
phone,63
thirdquarter,5
global,69
financial,134
published,25
friday,34
seb,3
soared,1
sek,22
bn,30
proposed,11
meanwhile,6
request,3
alma,33
newspaper,19
research,29
manager,26
jari,2
kaivooja,1
future,30
centre,13
turku,9
school,3
economics,1
drawn,1
scenario,1
national,17
using,26
model,23
developed,41
university,12
denver,1
sweden,45
gallerix,3
accumulated,1
denominated,2
support,42
developing,22
fast,4
route,16
development,91
application,57
place,35
atrium,23
expand,27
moscow,16
continuation,4
theagreement,1
lemminkainen,16
whereby,7
cramo,25
acquired,37
entire,20
fleet,10
oflemminkainen,1
talo,2
oy,97
ita,1
ja,1
pohjois,1
suomo,1
asimilar,2
tatu,1
hauhio,1
managing,24
ofcramo,1
envisaged,3
three,37
ferryboat,1
option,60
two,85
confirmed,8
june,36
sold,29
stake,62
nordstjernan,6
taken,12
acquire,24
eqt,4
remaining,16
kesko,23
acquires,4
capital,111
kaukotelko,5
wholly,4
owned,19
sponda,16
syndicated,7
oneyear,2
announcement,19
july,32
subscription,33
warrant,4
subscribed,19
program,42
cover,45
hdo,1
platform,23
ac,13
cxe,3
optical,2
fttb,1
node,1
designed,14
forward,16
return,18
path,1
transmission,4
planned,20
electricity,16
generation,13
megawatt,2
mw,12
heat,9
omx,91
cap,13
car,15
considerably,9
influence,1
tire,10
maximum,23
exercising,4
b,18
issue,42
real,34
estate,33
investor,43
wednesday,26
march,53
danske,11
branch,12
ilmarinen,2
mutual,3
pension,17
estonia,28
fell,55
measure,33
included,21
increasing,10
synergy,7
scale,6
grimaldi,9
personnel,38
adjustment,9
divestments,1
redelivery,1
excess,7
tonnage,1
rinkuskiai,2
kauno,2
alus,4
grew,34
telecomworldwire,2
april,44
tj,4
sell,47
morning,7
digital,23
design,65
selling,15
edita,2
series,10
become,21
subject,9
trading,19
list,11
together,13
old,9
fuel,16
november,38
tiimari,14
operates,23
six,24
generated,22
turnover,38
becomes,3
focus,33
supplier,44
pipettors,3
disposable,3
pipettor,1
tip,5
vwr,3
throughout,7
europe,43
combination,5
enabling,9
complex,11
strengthened,5
not,99
limited,9
port,18
connection,12
getting,4
access,19
wide,10
mediterranean,2
africa,12
north,34
america,33
say,52
uwe,1
bakosch,1
blindspots,1
coming,8
vantage,1
point,28
allows,10
investigator,2
see,21
whole,28
story,3
high,36
resolution,3
unbroken,1
video,23
still,13
expects,49
slightly,18
level,41
adding,3
predictability,1
poor,4
trustworthy,1
forecast,22
current,32
kemira,30
position,43
metal,33
coating,14
finnlines,11
adjusted,3
change,37
structure,40
optimize,1
operational,18
efficiency,18
julia,1
prohaska,1
marketing,29
communication,56
invest,22
physical,3
infrastructure,27
provide,36
knowhow,7
science,13
sunrise,2
valley,3
andrius,1
bagdonas,1
broadband,20
data,67
tltv,6
saw,8
jump,1
aktia,11
land,19
vaahto,19
accounting,11
food,46
lnnen,10
tehtaat,10
continuing,15
individual,7
promotion,2
higherthanexpected,1
many,14
genesis,2
respectively,24
circulation,3
grow,10
annually,8
swedish,45
experiencing,1
estimated,52
annual,69
however,58
continue,37
favourable,6
trend,11
cash,47
flow,27
activity,36
lithuania,14
fourth,31
kalmar,8
espana,1
xac,20
charger,13
delivered,31
piece,3
noted,7
declined,16
though,2
mobile,134
yearago,4
ramirent,19
quarterended,1
thesecond,1
ruukki,42
aker,8
norway,17
suction,1
anchor,1
kalajoki,1
showed,6
comparable,13
ceo,78
sakari,1
tamminen,1
magazine,24
gdp,1
overall,13
weekly,3
basis,13
cent,38
end,76
ago,23
best,17
major,34
brewery,9
domestic,16
litre,8
transaction,60
tecnomens,1
workforse,1
add,10
rental,29
latvian,5
priority,2
balance,10
sheet,11
hannu,7
krook,1
yit,37
building,96
geographically,1
october,58
fishing,12
tackle,5
rapala,25
vmc,10
rapv,2
nine,44
bim,4
information,59
modeling,4
software,75
tekla,20
modelbased,1
adopted,1
management,88
project,122
abu,1
dhabi,1
metso,31
mineral,8
gone,3
aldata,23
gold,6
french,4
forest,32
machinery,46
ponsse,11
kci,5
konecranes,22
okmetic,24
silicon,12
wafer,12
semiconductor,2
sensor,3
norwegian,14
solar,6
norsun,2
mono,1
crystal,2
pharmaceutical,37
orion,11
babcock,1
distribution,41
harvester,4
head,28
south,18
african,2
sappi,6
foreign,9
graphic,4
deputy,6
md,3
pekka,4
silvennoinen,1
aim,43
next,35
hkscan,12
jrvisuomen,3
portti,3
advertising,6
takeover,9
significant,39
previously,35
lemminkinen,6
time,57
h,5
l,9
aviation,5
maintenance,33
based,61
kansa,3
besides,5
meat,21
various,16
sausage,1
taste,1
grill,1
shish,1
kebab,1
segment,30
paavel,1
sixmonth,8
approximately,69
digia,18
januaryjune,13
diluted,14
versus,21
ebit,12
editor,2
note,12
ansa,2
may,61
equity,18
ratio,10
frozen,5
q,25
textile,11
marimekko,22
mmov,4
finlandbased,16
se,8
privately,2
held,26
electronics,50
deal,80
equipment,83
andrew,1
cutlery,3
hand,11
tool,24
abp,10
fisa,3
stockmann,28
lifting,7
half,57
messaging,7
developer,34
tecnomen,11
temv,1
received,27
expansion,19
convergent,5
charging,15
latin,9
outotec,24
accessory,10
belttongroup,1
privacy,4
stonesoft,10
preliminary,11
stonegate,5
okmv,4
august,42
done,6
underlying,5
following,36
relacom,1
presence,14
serving,7
operator,48
fixed,22
installation,19
wholesale,8
seen,13
grown,4
returned,5
apriljune,10
eloholma,1
ragutis,7
controlled,11
svyturysutenos,2
beverage,6
bbh,2
posted,28
januarymay,1
contempus,1
nok,11
approx,3
addition,40
kone,21
twoyear,2
escalator,7
alone,4
interest,25
review,9
currency,11
generate,4
indian,15
widened,5
come,22
zloty,1
agro,2
retailer,16
wholesaler,3
grain,5
agricultural,5
warehousing,2
onetenth,1
preceding,1
import,9
retailing,1
vvauto,1
adp,28
feb,15
ixonos,12
xnsv,1
affecto,13
afev,3
nov,10
measurement,12
vaisala,18
vaias,3
oct,15
kcrv,4
procurement,9
honkajoki,1
findest,1
protein,3
animal,5
fat,6
biodiesel,6
bcd,1
porvoo,1
refinery,8
vegetable,5
multimedia,3
kauppalehti,3
marketplace,5
intake,3
respective,4
julyseptember,6
pharma,1
passengerrelated,1
press,32
deliver,28
install,6
bridge,21
kyronsalmi,2
strait,3
savonlinna,2
guided,1
device,56
satama,10
section,11
regional,7
finnair,30
asian,11
kilometer,2
compare,2
expands,7
scope,7
least,11
one,93
fifth,4
full,23
placed,6
pmax,1
tanker,3
dwt,3
outlook,19
government,23
chemical,23
fertilizer,3
sending,3
firm,34
german,9
code,6
another,20
oneworld,2
american,12
airline,16
inc,40
usbased,3
amr,2
nyse,16
helsinkibased,4
owns,17
salomon,6
atomic,2
suunto,1
brand,50
registered,11
trade,36
register,17
bringing,6
twoday,4
gbx,2
tuesday,22
threeday,1
region,38
eastern,16
recovery,6
china,51
representation,1
extends,4
comptel,17
worldwide,16
tietoenator,11
us,8
intellisync,2
suite,5
wireless,17
email,18
calendar,5
capability,11
extend,3
vacon,13
drive,17
ruselprom,1
power,44
kw,2
existing,24
cybercom,5
cto,1
esko,1
myllyla,1
via,31
satlan,1
partner,41
cable,8
broadcaster,1
iptv,1
central,29
extension,8
engine,11
produce,16
european,28
strongly,2
firstquarter,3
since,38
magnus,1
rosen,3
branded,4
good,40
president,45
heikki,5
allonen,1
pointing,1
relatively,5
overlapping,1
larox,3
filter,8
nickel,10
mine,8
sotkamo,2
objective,6
elisa,24
mainly,18
adopting,2
socalled,4
ahead,4
panostaja,18
fiscal,19
ended,9
geosentric,8
geosolutions,3
gypsii,10
lifestyle,1
geomobility,1
social,15
networking,8
nanjing,1
mynet,1
make,57
outokumpu,22
mongolia,1
erdenet,2
mining,12
engineering,55
hydrocopper,1
built,29
site,34
proportion,5
standing,1
lining,3
stone,7
realized,5
effect,21
litas,5
vacv,1
set,34
representative,10
romania,6
serve,14
southeastern,3
fullyear,10
affected,6
nevertheless,4
postel,1
distributor,9
longstanding,4
continues,10
stronger,6
octoberdecember,1
olvi,17
control,30
coq,6
soft,5
drink,10
water,27
cider,4
long,24
energy,51
markedly,1
recycled,6
employed,4
percentage,5
quarteronquarter,2
veidekke,2
entreprenor,1
packaging,27
strongest,2
czech,15
republic,13
slovakia,4
ordered,12
airbus,4
aircraft,5
latest,18
variant,2
rollsroyce,1
trent,1
called,6
intensifying,1
smelter,3
copper,4
continued,21
scheduled,24
nearly,10
flight,13
resulted,4
poland,22
disposal,4
autotank,2
commented,2
gustav,1
nyberg,4
economic,15
occupancy,1
bssoss,2
va,21
telecom,33
tecnotree,8
worth,29
without,15
specifying,1
activeness,1
started,31
stated,6
telemig,3
celular,2
beginning,19
prepaid,7
xerox,1
teamed,1
tailor,1
igen,1
shortrun,1
ondemand,1
town,7
riihimki,1
lease,10
occupy,1
travel,11
upgrade,11
intended,4
raise,11
mhz,7
several,30
city,39
bidirectional,1
television,2
notice,8
skandinaviska,1
enskilda,1
banken,1
ab,29
publ,2
divested,8
ilkkayhtyma,4
kaleva,2
kustannus,2
condition,15
fulfilled,1
entered,13
receive,11
aggregate,3
amount,42
automated,2
larger,6
pipette,4
efore,14
reijo,2
maihaniemi,1
chinese,9
sector,59
zte,1
co,17
tlvv,1
picked,4
bofa,2
merrill,2
lynch,2
jpmorgan,2
jpm,3
joint,28
bookrunners,1
convertible,6
usdm,4
turn,7
twofold,1
zahariev,1
sto,12
nda,5
pohjola,22
pohs,4
sampo,29
samas,3
svenska,3
handelsbanken,4
shb,5
could,10
scandic,2
feed,8
diversify,2
tosno,1
separately,2
austrian,4
e,27
ag,11
week,31
germany,24
austria,8
hungary,6
jm,1
recent,11
residential,11
intends,7
headquartered,32
meteorology,2
environmental,13
mall,7
pearl,7
cjsc,3
shanghai,7
home,25
people,67
known,12
pulkovo,3
introduce,6
entirely,2
concept,8
creating,7
commerciallyfunded,1
knowledgeintensive,1
thereby,2
mostly,4
apparent,1
observes,1
perttu,1
puro,1
tradeka,1
fund,45
wartsila,11
added,35
decided,27
cathode,1
complete,18
name,21
shareholder,55
otto,2
henrik,3
bernhard,2
transferred,11
corresponds,3
processing,30
collect,3
calculates,2
rvr,1
provides,32
interface,7
tinyurl,1
link,9
take,34
scamming,1
promising,5
earn,1
thousand,7
becoming,6
google,7
nasdaq,20
goog,1
advertiser,2
alexandria,18
pertti,2
salmi,1
hanna,1
vuolteenaho,1
oulu,13
sami,8
viitasaari,1
ii,6
ornamental,4
patent,19
trademark,9
markka,1
oksanen,1
harald,1
kaaja,1
juha,8
salokannel,1
kangasala,1
arto,2
palin,1
viiala,1
providing,21
vsevolozhsk,2
leningrad,2
expanded,8
mline,1
family,9
ml,7
capman,38
alternative,5
asset,32
helsinkifocused,1
vehicle,13
bought,20
sevenstory,1
underwent,1
refurbishment,2
relative,5
start,51
later,15
kazakhstan,9
ordabasy,2
build,25
astana,2
chairman,31
dinmukhamet,1
idrisov,1
conference,14
affectogenimap,3
intellibis,3
debtfree,1
heatretaining,2
fireplace,8
tulikivi,10
local,41
tiled,1
stove,1
utility,8
ceramic,5
kermansavi,2
merge,4
mean,11
absorption,1
streamline,5
corporate,27
refinance,3
furthermore,7
bunge,4
sign,5
licensing,8
sunnuntai,1
carlshamn,1
mejeri,1
commerzbank,1
hamburg,1
jp,2
morgan,4
participated,6
arranger,1
dutch,8
ing,2
am,1
inga,1
coarranger,1
separated,3
parent,7
fortum,22
became,7
listed,19
raisio,19
stretch,1
way,21
vladivostok,1
buy,32
danish,10
poultry,5
right,68
granted,7
planning,22
harbor,2
chief,25
executive,28
lundmark,2
told,17
deutschland,1
outside,16
telko,4
expanding,7
strategic,25
bp,4
industrial,47
lubricant,1
il,1
acquiring,12
moluballoy,1
milan,1
italian,6
agency,4
enables,20
account,16
supporting,6
pop,1
imap,1
gradually,5
jydsk,1
materiel,1
udlejning,1
located,21
west,6
jutland,1
repurchase,5
behalf,3
solidium,7
tikkurila,24
takoma,1
carry,8
moventas,1
parkano,2
run,9
factory,21
southern,13
switch,3
converter,3
whilst,2
opening,8
location,25
owner,26
sun,2
hung,1
kai,6
hong,9
kong,7
type,16
premium,5
finalize,1
negotiation,48
letter,9
intent,7
seal,4
actual,13
ky,2
window,10
fenestra,1
forssa,4
committed,5
apollo,2
five,18
includes,56
training,10
startup,7
uranium,4
produced,14
nickelzinc,1
benefon,14
navigation,11
locator,1
omxn,3
comprising,8
traded,8
rd,12
turnkey,4
fortuna,1
stakeholder,3
everything,1
term,40
offtake,2
cameco,3
upfront,2
cost,66
extraction,4
oxygen,2
sick,1
maihak,1
gmbh,8
beijing,4
xfnasia,1
konglisted,2
making,18
small,20
enterprise,16
lr,1
summary,5
medical,10
pipeline,4
talk,13
involve,3
asked,4
whether,4
talking,2
reliance,1
supplying,4
upcoming,1
jamnagar,1
lidskoe,2
pivo,2
foresees,2
integrated,10
modernization,2
updating,1
logistics,26
instrument,7
mikshis,1
residentialconstruction,1
particular,8
djsi,4
running,6
stoxx,2
goal,12
chosen,9
ahlstrom,26
latvijas,3
finieris,3
green,7
veneer,9
mill,46
ukmerge,2
house,26
targeting,5
onefamily,2
voting,31
aspect,1
defined,3
microsoft,10
detail,27
initiative,8
resulting,3
date,19
kahonen,1
juuka,1
handle,5
fire,2
pit,1
door,4
kenneth,1
bower,1
vista,1
calif,2
elevator,14
output,10
yronyr,1
r,8
crore,3
space,19
hospital,2
nursery,1
laboratory,10
call,22
switchboard,1
directory,1
significantly,11
uptodate,2
contact,9
colleague,2
directly,4
cargotec,28
turkish,4
doktas,3
dokumculuk,2
ticaret,1
sanayi,1
raivv,3
wrapped,1
divestment,9
margarine,4
player,21
bg,4
manipulator,1
knight,1
monday,19
wrapping,1
walki,1
wisa,1
companyeur,1
tm,9
romanian,1
lei,1
mmh,1
morris,1
delivers,3
different,24
experience,27
widen,1
address,8
jacob,1
storengy,2
storage,6
engineer,5
adpnews,12
jun,4
outv,1
threeyear,4
revolving,4
silva,3
garden,8
boat,8
mr,33
ashley,2
sport,34
direct,9
pc,8
pound,5
float,2
challenge,8
formation,3
plug,1
halt,1
accounted,11
krakeroy,1
bascule,1
pile,1
foundation,6
investing,3
strengthening,8
established,23
enter,10
sysopen,10
sentera,5
vote,14
suomen,15
helasto,3
lukkoexpert,1
kimmo,1
uusimaki,1
broadbased,1
wig,2
session,2
pt,2
bluechip,2
generates,4
currently,36
employ,28
onwards,2
spend,2
proceeds,3
surfacetreatment,1
decision,24
lenenergo,2
generating,3
grid,5
container,11
namibia,1
walvis,1
bay,2
coast,8
doubling,1
floor,9
commissioning,2
consists,11
functionality,8
targeted,6
repayment,3
debenture,2
bond,21
related,34
irrevocable,1
commitment,13
holder,6
subordinated,3
gorelovo,1
sq,23
invested,10
tielinja,1
powder,5
paint,12
district,11
judge,2
douglas,2
p,9
woodlock,1
extended,7
jan,14
temporary,20
restraining,1
uk,26
sarantel,3
outsource,2
london,20
bns,3
british,8
miniature,1
antenna,5
assembly,4
estonian,11
gogol,1
street,12
underground,8
tunnel,3
crossing,1
implementation,10
launch,27
winner,3
tgk,4
vnh,1
ford,1
struggling,2
face,5
slowing,1
truck,7
suv,2
surfeit,1
gottahave,1
rautakesko,1
impacting,1
starting,17
peer,1
peugeot,1
fall,15
hit,13
expenditure,6
slowed,2
crisis,3
significance,1
emphasised,1
large,26
size,14
rapid,5
tv,9
viewed,6
attractive,3
union,14
normal,3
spokesman,2
usko,1
maatta,1
motorcyclist,2
improving,2
safety,13
back,16
strong,29
kalnapiliotauro,2
grupe,2
kalnapilistauras,2
denmark,12
unibrew,2
seven,6
jumped,10
license,8
popular,8
pattern,4
hm,2
staff,32
recruited,2
japan,16
complement,4
close,24
capacitor,1
used,34
reliability,2
noon,1
adjust,3
arm,4
producer,20
contribution,4
stx,2
environmentally,4
friendly,3
cruise,5
ferry,14
manage,6
stockholm,15
withviking,1
clearly,7
positive,28
tower,7
chose,2
go,12
summer,20
broadsheet,1
tabloid,1
page,5
ability,3
side,13
uponor,16
record,17
invoice,20
automation,19
connectivity,8
kazgiprotsvetmet,1
cooperation,38
metallurgical,2
surrounding,2
lemcon,3
kaluga,2
administration,20
favourably,2
middle,7
east,12
africaand,1
asia,18
pacific,4
longestablished,1
involves,4
transfer,28
certain,7
documentation,4
function,14
etteplan,9
appointment,2
kaupthing,11
coordinate,2
cencorp,18
virkkala,1
enhance,5
productivity,4
huhtamaki,14
outstanding,8
supplied,3
papua,2
guinea,1
lihir,2
pfizer,1
funding,5
biotie,6
pde,1
phosphodiesterase,1
inhibitor,1
sole,6
authority,17
discovered,1
compound,1
mature,2
novator,5
shareholding,5
amer,14
exceed,1
onefifth,1
prove,1
rod,2
baber,1
english,4
climber,2
climbed,3
mount,2
everest,2
summit,3
successfully,4
campaign,6
trial,5
demonstration,5
lte,6
commercially,5
viable,2
reino,1
tammela,1
specialty,12
glassfiber,1
reinforcement,1
carolina,2
ssh,8
please,5
tomi,1
laamanen,1
tel,12
patrizia,1
eurbn,3
consensus,6
guineabased,1
asx,2
lgl,1
aimed,9
completed,40
extensive,6
bolster,1
kallioranta,1
cooperationand,1
tied,1
ourmachinery,1
theodosopoulos,1
tellabs,1
nortel,1
given,17
leading,37
status,7
verizon,3
along,6
highgrowth,1
succeeded,2
apartment,10
comment,15
kari,7
kauniskangas,2
able,17
quality,24
restaurant,4
christopher,1
wynne,1
papa,1
john,5
suominen,14
specialises,6
wet,5
wipe,8
nonwovens,10
flexible,12
brasil,2
trust,4
accelerated,1
otev,2
phosphate,2
concentrator,1
siilinjarvi,1
minera,1
priit,2
kasak,1
balti,1
metsamasina,1
rakverebased,1
wish,3
valmet,2
couple,5
create,11
participates,1
entity,5
presently,3
potential,14
getinge,1
recorded,12
robust,2
inclusion,2
lindex,5
truly,3
height,4
hope,7
freight,2
scandinavia,3
ephc,1
approved,13
quarterly,5
awarded,35
eone,1
rubbertyred,1
gantry,2
rtg,1
crane,19
saigon,1
newport,1
snp,1
vietnam,4
bilfinger,1
cheered,1
pushing,1
afternoon,5
pursues,1
healthy,3
focused,4
concentrating,4
consumercustomers,1
upgraded,8
hold,25
abn,3
amro,2
marketwatch,3
fiveyear,5
hutchison,1
essar,1
india,22
progress,2
qpr,9
saudi,3
arabia,3
relationship,5
ise,1
achieved,4
ft,6
copenhagen,4
premier,3
shopping,18
inaugurated,3
gained,2
peab,6
exclusive,4
establishes,4
kolkata,1
better,12
weighted,1
shipment,4
launched,14
regionally,2
unique,3
common,4
mastercard,2
card,11
payment,13
state,39
spread,3
variety,7
organization,20
selects,1
party,17
leader,16
transplace,1
bestinclass,2
pl,1
visibility,6
transportation,15
ontime,1
speed,6
eijkens,1
publisher,9
much,13
publish,11
colourful,1
individualising,1
feedback,2
rpm,1
userexperience,1
costefficiency,2
tulonen,3
cdp,2
institutional,5
original,5
testament,1
japanese,7
rich,3
heritage,1
leadership,3
smartphone,8
elektros,1
pavara,1
completes,2
consultancy,10
trainer,4
trhv,2
resolved,4
hybrid,5
bid,14
aaron,1
moss,1
hampshire,3
great,7
britain,3
repair,2
money,10
spent,2
competitiveness,7
sphere,1
sawmill,7
wood,18
improves,2
glass,25
consistency,3
throughput,2
reason,8
behind,3
include,50
rent,4
fullyleased,1
successful,6
vuokatti,1
especially,13
prototype,1
rampup,1
testing,6
aftersales,2
look,14
helping,4
digitalize,1
agj,1
western,7
collection,6
error,1
speeded,2
combining,5
single,7
reduced,9
deployment,7
narrowed,17
cthv,5
biobv,2
fiber,12
plastic,8
ameas,2
rtrks,7
proha,5
artv,1
reorganisation,8
decrease,11
contrast,2
raute,18
pcb,2
acgv,3
metsaliitto,7
narrow,4
mo,2
hardware,7
elektrobit,5
ebgv,2
eb,12
smaller,10
airvana,1
umts,2
station,18
femto,1
softwarebased,1
offtheshelf,1
accelerate,1
feature,5
reduce,12
seppnen,2
onethird,1
lower,39
frequency,6
ropax,2
vessel,20
present,20
job,30
reduction,28
structural,3
provision,2
downsizing,1
lure,4
ireland,5
closely,2
agent,3
consumption,13
greenhouse,1
gas,20
emission,9
slipped,10
largerthanexpected,2
tax,32
sdav,2
jul,2
worked,7
legal,2
rule,10
normative,1
document,7
specified,3
functioning,1
technological,4
augustoctober,1
bore,1
rettig,1
recently,19
saving,31
expense,10
rotterdam,1
netherlands,11
naming,1
francebased,1
technip,1
contractor,4
ecb,2
anticipated,5
benchmark,8
earliest,3
measuring,4
ending,6
apr,1
solteq,7
stqv,1
peri,1
salonen,2
show,10
pulp,30
inventory,4
declining,1
brought,5
kroon,10
anticipates,4
sehk,1
chl,1
carrier,17
thegps,1
promoting,2
olympic,1
game,11
thelatest,1
upm,19
improved,21
jussi,5
pesonen,2
whose,6
wilson,3
cut,33
glaston,24
reflects,3
internationally,4
explains,3
kyro,7
mika,5
seitovirta,1
westend,1
ict,5
extraordinary,4
meeting,36
tallink,6
carriage,2
tallinna,1
sadam,1
pnaas,1
pnabs,1
kospa,1
waste,12
dragged,2
rising,3
low,17
loan,24
finance,12
center,40
redevelopment,1
refinancing,1
maturing,3
debt,10
ore,13
streak,1
nonrecurring,28
item,33
geenrated,1
totalling,5
th,6
enable,22
additional,16
optimisation,1
hour,8
hightech,3
expertise,13
innovative,10
extremely,6
efficient,12
id,7
petri,1
ailus,1
born,2
isto,1
hantila,1
stationery,3
gift,4
tiiv,4
driven,3
remained,9
weak,7
cet,2
bavarian,1
dkk,1
lost,5
past,10
example,8
ebitda,10
negative,18
dropped,15
forced,4
axe,2
rapidly,4
challenging,3
impacted,2
paying,1
painful,1
provided,24
majority,11
moment,6
valio,1
worried,1
ban,2
quite,7
problem,6
ebitis,1
satisfied,3
geography,1
repeat,3
ebita,1
separating,3
faster,5
tapro,1
rentakran,1
brings,4
alreadyworking,1
territory,6
jarmo,7
laasanen,2
senior,13
patja,2
decade,3
fujitsu,4
competitive,12
latvia,13
history,7
velimatti,1
mattila,1
professional,7
approach,11
assessing,1
put,8
shape,4
natural,21
looking,8
leverage,3
northern,17
matti,9
rihko,4
win,7
oems,1
wimax,2
portion,6
winning,2
dispute,3
signing,6
bypass,1
kotka,1
arehu,1
jouko,2
lahtinen,2
stabilise,1
karppinen,4
nilserik,1
eklund,1
performance,33
action,11
annualised,1
permanent,7
around,39
effected,2
boosted,4
nevsky,4
gps,6
karputer,1
twig,4
satellite,1
voice,13
guidance,7
deep,2
domain,1
asm,1
outsourcing,3
proved,2
brisk,1
noncore,1
californiabased,1
fitness,4
spark,2
nevadabased,1
atec,1
baseball,1
softball,1
pitching,1
espoon,1
kaupunki,1
personal,12
care,6
poyry,28
advise,2
builder,3
cogeneration,1
secondbiggest,1
kaunas,2
supervise,1
construct,4
tapiola,2
exceeded,3
yard,7
customised,4
ship,17
brisker,1
remainder,5
rough,1
terrain,1
handler,2
rtch,1
mediation,3
provisioning,3
inkinen,1
leasing,3
highly,5
remain,24
recognize,4
gain,17
standardised,1
met,5
reception,4
among,14
itella,1
secondlargest,3
glisten,3
winwin,1
snack,2
justfood,1
bergvik,1
earns,1
appreciation,1
maintains,2
assumption,2
turning,2
thanksto,1
improvement,18
theutilization,1
substantiallyimproved,1
chrome,1
resource,25
turkey,8
steady,1
benefit,7
organic,4
possibly,2
supplemented,1
balanced,3
broad,5
achieve,7
rebuilds,1
impact,16
situation,33
normalises,1
follow,3
installed,9
delhi,3
metro,7
spokeswoman,4
thomson,12
chance,3
booking,2
want,14
mikko,4
tuomainen,1
incharge,1
internet,30
promise,3
ipv,1
combined,25
leisure,3
favorable,2
actively,3
away,5
towards,8
dynamic,5
endtoend,5
ervio,3
meov,2
basic,4
canadian,2
miner,1
northland,2
osl,5
naur,1
tse,2
nau,1
stateowned,2
institution,10
sodra,2
varma,3
recipient,2
earningsrelated,1
tendering,1
road,11
heating,13
air,8
conditioning,1
cooling,2
automobile,3
adac,3
munich,3
volvo,1
rebuild,2
sabah,2
sfi,1
malaysia,6
uncoated,1
fine,11
mcc,1
yinhe,1
grinding,4
superstructure,2
partihallsfrbindelsen,1
gothenburg,3
lule,1
municipality,7
metre,18
tikkakoski,1
telanne,3
ever,3
resettlement,1
fivestar,1
hotel,12
hilton,3
room,4
sarkamies,1
ringman,1
recycling,7
turned,10
schmardin,1
likely,9
try,3
vahur,1
kraft,2
cooperating,1
adanac,1
molybdenum,3
canada,7
columbia,2
shalkiya,4
zinclead,2
france,17
orange,6
broker,10
repeated,4
rating,13
restructuring,20
clear,13
arvo,1
vuorenmaa,1
loviisa,2
general,37
licence,7
procedure,4
confident,2
approval,17
bestin,1
dog,3
ilkka,5
sihvo,3
conjunction,3
interim,11
cision,1
citigroup,5
c,11
gts,2
mandate,2
vendor,10
os,4
selected,13
orascom,1
oth,1
activation,2
dmasia,1
asmobile,1
digitalmediaasiacom,1
dma,1
consulting,12
poy,1
tanqia,1
dibba,2
fzc,1
ownerengineer,1
wastewater,2
emirate,2
fujairah,1
uae,3
basv,2
technical,16
cgcbv,3
macgregor,7
hatch,3
shipowner,1
grieg,1
necessary,6
partihallsforbindelsen,1
iittala,3
gerber,2
buster,2
mark,8
entry,1
bullish,3
dagens,2
industri,2
initiated,6
bearing,3
fruit,1
lang,2
banking,15
tieto,10
pink,1
pojlf,1
cooperate,2
swift,1
hearst,1
consolidate,1
helsingin,2
uutiset,1
vantaan,1
sanomat,9
lansivayla,1
reader,8
consumer,45
greater,2
latter,3
jaemsaenkoski,1
color,6
simdax,1
authorisation,3
submitted,1
gave,13
outperform,1
recommendation,12
accordance,12
establishing,1
lehdentekijat,2
producing,11
membership,2
viisas,1
raha,1
wise,1
actor,2
interested,9
private,19
ambulance,1
post,6
fidelity,2
rolling,2
ghana,2
premise,10
ayanambakkam,1
suburb,2
chennai,4
fully,15
give,25
ibm,4
portal,3
implemented,6
supported,4
poyv,1
venezuel,1
sep,2
unnamed,5
te,1
electrowattekono,1
philippine,3
om,1
fr,1
cement,11
integration,8
managed,12
buyout,12
comprise,7
advantage,6
dct,1
tissue,1
distributed,5
qcsdcs,1
fitch,2
fundamental,1
sound,4
prosition,1
emerging,6
indosat,3
civil,7
work,44
wcdma,5
ghspa,3
australia,8
recognized,5
incentive,2
pioneer,3
library,5
art,12
culture,4
education,1
grant,3
participate,6
big,5
read,5
federal,7
reading,3
previousyear,1
ooo,2
ilim,1
bratsk,1
dok,1
evident,1
particularly,3
primarily,7
savon,1
koulutuskuntayhtyma,1
specialist,8
skf,3
alandsbanken,4
sony,2
ericsson,4
dominated,1
bestselling,1
speaking,1
justdrinks,1
spokesperson,3
performed,1
operate,11
namely,1
progressed,2
owing,3
prolonged,1
winter,4
season,2
tele,3
affarsvarlden,3
crown,4
topped,1
sverige,4
bring,15
immediate,6
amending,1
simplifies,1
key,24
stay,4
australian,1
mirabela,2
sulfide,1
bahia,2
brazil,13
palfinger,1
buyer,10
thus,9
reinforce,1
martela,7
mechanise,1
harvesting,3
eucalyptus,2
plantation,1
maintain,3
oborniki,1
frame,6
sandwich,1
panel,6
foot,5
mountain,1
surf,1
even,10
send,7
exploit,2
featured,2
ethibel,1
innovest,1
sustainable,11
observed,3
stabilisation,1
compensated,1
acting,3
reserve,4
batch,2
category,9
tradition,2
boosting,2
arena,8
changed,6
comparison,2
allow,6
uh,1
extensively,2
implement,8
human,7
pilot,6
rifd,1
ideal,2
purpose,3
olli,2
saarinen,1
supervisor,1
yara,3
palm,8
certified,5
roundtable,2
rspo,3
creates,4
interesting,8
opportunity,12
diversified,3
choose,4
seemed,1
like,13
tommi,1
leskinen,1
gypsiipowered,1
reservation,2
visitor,5
validating,1
fgvoip,1
symbian,6
represents,7
step,5
accomplishing,1
manturovo,1
kostroma,2
km,6
northeast,1
honored,2
gartner,1
analysis,31
pursue,3
novel,7
clinical,5
candidate,2
going,11
inline,1
underperform,1
goldman,5
sachs,5
packed,3
fresh,6
carrying,4
continent,3
linking,2
mumbai,3
dictated,1
lowering,2
competitor,8
stabilised,2
eye,4
decisionmaking,4
demonstrates,3
apply,5
adjacent,1
shale,6
pleased,14
tailored,2
solel,1
requirement,8
costeffective,1
highestquality,1
reflector,1
feeling,1
wrtv,1
liquefied,3
lng,4
powered,3
psv,1
eidesvik,1
offshore,8
asa,5
eiof,1
finlan,1
official,9
heathrow,1
osaka,1
manchester,2
hiab,4
loader,2
bae,1
defense,5
roaster,1
cleaning,2
ozk,1
kardzhali,1
bulgaria,3
pyry,1
cfr,1
railway,8
neomarkka,8
kuitu,4
buying,5
restarts,1
distribute,5
shimano,2
reel,2
stadtverwaltung,1
mainz,1
chassis,1
body,8
open,15
erkki,4
jrvinen,1
happy,6
ready,8
soon,7
cross,5
exel,9
composite,11
prospect,6
fi,1
keyword,1
lem,6
dna,2
subcontractor,6
maingate,1
responsible,19
lifecycle,4
honka,3
arranging,1
event,11
cup,1
skiing,1
competition,17
lankapaja,1
sheetmetal,1
kivimeister,1
deer,1
former,9
timberjack,1
stand,4
superior,3
gaming,2
er,1
rantanen,3
expressed,1
confidence,2
productional,2
spanning,3
kemijoki,1
river,1
beating,1
vat,6
inclusive,3
materialise,1
sentry,2
formed,5
advanced,9
degree,2
immersive,3
camera,5
thanks,9
multiplying,1
wagon,3
malkia,1
vr,4
reiterated,2
yearly,3
borrower,2
roadshow,1
scissors,6
surpass,2
negotiated,1
amendment,4
covenant,2
regard,1
attract,4
secretary,1
mexico,8
mexican,1
sintra,1
buenavistacuautitlan,1
suburban,1
meur,10
negotiate,1
definitive,1
rationalization,1
seek,4
oriolakd,8
reasonably,1
keep,5
lay,13
turun,4
kaupunkin,1
talotekniikka,1
electrical,11
biggest,15
closing,8
moderate,1
cvd,1
risk,4
spite,1
inventor,6
issued,28
israeli,1
hot,5
fttx,1
israel,2
directed,12
divests,1
rumilly,1
reuters,6
simultaneously,6
responsibility,8
affair,3
merger,12
authorise,1
decide,2
issuance,2
ground,12
success,4
lie,2
maintained,1
thames,1
gateway,1
scheduling,1
storm,3
blue,4
fox,1
luhr,1
jensen,2
williamson,1
marttiini,1
sufix,1
fingerfriendly,1
opinion,4
really,2
lulu,1
proud,7
found,11
joyfully,1
vitamin,1
injection,2
margareta,1
van,3
den,2
bosch,1
karttakeskus,1
geographic,2
marubeni,5
adr,1
maruy,1
midnighttrader,4
extendedhours,2
forecasting,1
community,10
juhapekka,1
weckstrm,1
appointed,10
succeed,2
esa,1
rautalinko,2
pietinalho,1
doctor,2
motivate,1
patient,9
smoke,1
every,9
visit,4
scanfil,26
get,9
ultrascan,1
cracker,1
onetime,2
password,1
sent,3
text,2
message,4
additionally,4
across,12
task,5
warehouse,11
substantial,6
addus,1
assistance,1
living,2
skilled,1
nursing,1
rehabilitative,1
therapy,3
adult,1
bertrand,3
sciard,3
retailwholesale,1
dedicated,5
alfa,4
telenor,6
free,10
welcome,12
altogether,5
mildly,1
elevated,1
cholesterol,2
fourmonth,1
intervention,1
capped,1
payable,4
upon,11
achievement,1
ryymin,1
replace,2
juhani,4
kaisanlahti,1
evp,2
welfare,1
haavisto,1
implementing,6
army,1
unify,1
cablevision,1
cvc,1
madison,6
york,7
knickerbockers,1
basketball,2
ranger,1
hockey,2
liberty,1
woman,1
hartford,1
wolf,1
pack,2
jukka,5
ruuska,1
effective,8
profile,15
contains,7
dial,1
minute,1
usa,15
early,14
financialwire,3
independent,7
proprietary,3
wire,2
temporarily,14
reopen,1
airport,7
pm,23
learning,4
teacher,1
choice,3
award,6
classroom,1
strand,2
associate,4
mechanical,8
wisconsin,1
alabama,1
illinois,1
indiana,1
kentucky,1
ohio,2
halonen,1
acknowledged,3
receiving,1
belief,2
soyoats,1
entering,1
believe,2
imported,3
prefer,3
sciencebased,1
innovation,4
passed,1
front,7
plot,6
delta,1
lee,4
man,6
method,20
smelt,2
spout,2
shielding,1
wall,3
arranged,3
movable,1
relation,5
span,1
hospitality,1
realestate,1
nonperforming,1
restructurings,1
recovers,1
valuable,1
officer,12
phonebook,1
inside,2
kouvola,1
ksupermarket,1
succeeds,1
walter,2
gnter,1
infra,3
perform,2
los,3
angelesbased,1
initially,5
honolulu,1
san,4
diego,1
angeles,2
phoenix,1
master,5
mayawas,1
jointly,5
ufa,1
fremantlemedia,1
advertised,1
maxi,2
brandnew,10
overview,9
metric,2
scorecard,1
milestonebased,1
processrelated,1
content,27
mformation,2
enhanced,2
configuration,1
jorma,2
valkama,2
paikallissanomat,7
rannikkoseutu,1
saavalainen,1
concludes,3
gibtelecom,1
perfect,3
illustration,1
regulatory,2
facing,1
biomass,3
commissioned,5
qt,3
everyday,1
eg,4
flooring,2
label,4
tape,3
bicycle,1
kit,2
compatible,3
mm,2
bidding,2
kitai,1
stroi,1
constructor,2
mnc,1
sought,1
topic,1
creativity,1
spin,2
higherend,1
pricier,1
arabized,1
neareast,1
plaza,3
llc,8
venture,23
srv,7
concluded,8
phase,17
saint,6
martin,3
kuzaj,1
sanna,1
paivaniemi,1
sustainability,4
field,14
workflow,3
tracking,2
talvik,1
relocation,3
server,8
hp,2
tailormade,2
memorandum,4
technopark,4
neudorf,3
zone,7
village,3
strelny,1
mentioned,2
suggest,1
monthly,4
salary,4
controller,3
preferably,1
appliance,1
module,7
minimize,1
ensuring,1
beneath,1
saimaa,1
canal,2
undisturbed,1
examining,2
transferring,6
governed,1
law,7
admits,1
short,8
selection,8
charge,9
airbaltic,2
finncomm,1
court,10
promote,3
genuine,3
embarked,1
unbanked,2
underbanked,1
theft,1
protection,7
positioning,2
donation,3
aalto,1
tampere,14
jyvskyl,1
vaasa,2
polytechnic,3
class,6
special,13
midswaps,1
invention,5
bylander,1
johan,1
ponten,1
fredrik,1
lundberg,1
jorgen,1
mukkavilli,1
krishna,1
kiran,1
sabharwal,1
ashutosh,1
aazhang,1
behnaam,1
ridge,1
justin,1
bao,1
yiliang,1
karczewicz,1
marta,1
issuer,2
solely,2
begin,11
savcor,6
sufficient,3
filed,4
ragot,3
waterqueen,3
tortue,3
mid,10
comprehensive,9
insight,4
biography,1
reward,2
earning,1
correspond,5
watch,3
html,1
format,8
en,3
language,3
keyin,1
electronically,1
confirmation,1
upload,1
catalogue,1
nsr,1
royalty,2
viscaria,1
adak,1
avalon,1
avi,1
vantaa,12
exceeds,1
voicemail,1
mail,4
housed,1
effort,4
reimbursed,2
policy,9
wellness,2
important,16
need,23
rosberg,1
inspires,1
lietuvos,1
respublikos,1
sveikatos,1
apsaugos,1
ministerija,1
uab,1
lietuva,2
package,4
cf,1
pty,1
renison,1
nl,1
raffle,1
archer,1
exploration,2
moving,5
headquarters,8
signifies,1
era,2
respect,1
discussion,4
alike,1
practice,1
allowed,3
quantity,1
consortium,3
outcome,3
sneed,1
hearing,2
automatic,1
varnishing,1
jozef,1
misurec,1
young,2
child,3
resolve,1
meego,5
identified,1
affect,7
inspection,3
info,1
clarify,4
gray,2
motlanthe,1
relevant,6
mandatory,3
required,10
act,13
seoul,1
tyo,2
hspa,1
wifi,1
hormone,1
treatment,17
quick,4
onestopshop,1
understand,4
dopplr,3
smart,2
traveller,1
em,6
sftv,1
secure,12
minister,3
mat,2
odell,2
introducing,2
kultalonkero,1
golden,2
spring,16
shortterm,6
diagnostics,3
launching,4
dnabased,1
ensure,12
precision,4
tube,4
automotive,5
carl,1
froh,1
arques,1
employeremployee,6
wallenberg,1
arokarhu,1
scanned,1
disappeared,1
sum,14
pressed,1
protect,2
hacker,1
virus,1
spyware,1
attack,3
governance,2
committee,11
shall,10
employment,13
marko,2
saarelainen,2
honkarakenne,10
log,6
statistic,4
seikku,2
tyrvinen,2
estimation,4
essential,4
vauramo,2
suitable,6
replaces,1
formerly,2
valid,2
fiberbased,2
completion,14
friend,4
carrollton,2
parchment,1
converting,3
aho,3
lordicola,1
optimization,3
vision,2
unveil,2
combine,6
intelligence,5
aug,4
timo,6
vataja,1
virve,1
inget,1
activating,2
sevenyear,2
historic,4
sixyear,2
chile,2
traditional,4
grapevine,2
lot,6
weight,1
altia,2
altimo,5
usmanov,2
join,9
amanda,4
released,12
chamber,3
pressurized,1
audio,5
webcast,8
live,10
archived,1
cerner,1
wwwcernercom,1
anttila,3
netanttila,1
bestknown,2
visited,1
shopped,1
apart,3
ergo,1
competing,2
top,11
sievi,4
whitecollar,1
terminated,2
uv,2
municipal,3
drinking,1
trojan,3
logical,2
wrtsil,4
ballast,1
leipurin,4
kaukomarkkinat,5
scandinavian,7
campomos,1
matching,5
automatically,3
match,1
ad,1
light,12
coated,8
castecka,1
irrevocably,1
favor,3
jim,1
heindlmeyer,1
beyond,3
oblivion,1
recording,1
chs,1
expo,2
exhibition,3
approve,3
finalized,5
maijaliisa,1
friman,1
final,10
diligence,1
heir,1
crucially,1
etsi,1
institute,4
backed,1
dvbh,1
opting,1
vie,1
fortune,1
seems,2
bottom,3
dnb,2
nord,1
citadele,2
fit,3
pietiek,1
authorized,3
donate,1
max,2
highlight,3
eat,1
explore,2
dragonfly,1
love,3
shot,4
finish,3
n,18
music,16
express,3
serf,6
globally,4
fulfillment,1
telecomms,3
prepared,2
answer,4
detailed,4
caller,3
eu,11
exit,2
salcomp,14
strictest,1
washington,4
colorado,1
fcc,1
kevin,2
play,6
extending,2
deregulatory,1
investrend,1
broadcast,1
syndicate,2
schedule,3
firstalert,1
oefirstalert,1
cncv,3
regarding,6
cheapest,2
mitsubishi,2
heavy,3
mhi,1
undisclosed,10
lahden,1
lampokasittely,1
heatmasters,1
active,8
tikv,3
prohouse,2
wooden,5
surface,5
ultra,4
pro,6
waterborne,3
registration,8
stateheld,1
rao,2
ues,1
reform,1
excellence,2
oldest,3
electrically,1
genvec,1
biopharmaceutical,1
therapeutic,4
drug,5
vaccine,1
flagship,3
pioneering,1
geolocation,1
connect,2
exciting,2
locationspecific,1
wellknown,3
bavelloni,6
preprocessing,3
tamglass,5
uniglass,2
albat,2
wirsam,2
goodwill,5
intangible,1
rebate,1
gunneflo,1
harju,1
elekter,1
harold,1
w,2
ahold,1
basket,1
cv,5
bj,1
club,1
hannaford,1
cumberland,1
farm,8
mention,1
follows,4
bilbao,1
antwerp,2
hull,2
hitura,1
belvedere,2
homemarkets,1
luxury,2
holiday,5
foodservice,2
hameenlinna,1
iggesunds,1
bruk,1
paperboard,3
reserved,3
epi,2
presentation,5
cfo,7
tuomas,2
itkonen,1
participant,7
discus,2
reclaimed,1
form,16
clientele,2
optimising,1
switzerland,4
primary,5
fibertothehome,1
ftth,2
homeware,2
kitchen,1
interior,6
survey,4
goodyear,2
valued,10
followed,7
continental,3
bridgestone,2
preempt,1
mohammed,1
zainalabedin,1
zain,1
bahrain,1
ingen,1
respiratory,1
simple,1
molecule,2
biological,2
arrangement,13
kasola,1
alliance,3
airway,1
solid,5
dz,1
rabobank,1
storey,1
harri,4
koponen,1
commits,1
sourcing,4
feedstock,2
nexbtl,3
expert,8
precor,3
ball,3
janno,1
reiljan,1
energia,4
supervisory,3
narva,1
informed,7
jawad,1
williams,2
scored,1
impressive,2
debut,1
jerusalem,1
jason,1
yuval,1
naimi,1
chipping,1
hapoel,1
yellowandblue,1
jon,4
risfelt,4
haapakoski,1
editorinchief,1
budget,3
aol,1
weblogs,1
newstex,5
upstaged,1
businessclass,1
someone,2
espoo,20
youtube,2
promo,1
boy,1
genius,1
huh,1
relocate,4
loudeac,5
marcel,5
morvillars,5
hook,6
lember,2
matter,7
topical,2
bill,2
drafted,1
ministry,5
scrap,1
oldage,1
linde,1
responsibly,1
society,1
environment,18
globe,4
lkab,3
lulea,1
iron,8
giant,6
vintage,1
fabric,3
cushion,1
coffee,2
pot,1
dish,2
cocktail,1
ih,1
lsc,1
learns,1
fisher,1
putting,5
thing,5
merging,3
volunteer,3
depot,4
hd,1
baltimore,2
neighborhood,1
sanctuary,1
applicant,2
jot,1
oyname,1
mammila,1
tuomo,1
piirainen,1
kellokoski,1
mikaapplication,1
kolnp,1
adate,1
filing,1
nasdaqlisted,1
yahoo,2
introduced,6
malaysian,1
favorite,3
sponsor,1
endowment,1
museum,3
midwest,1
played,2
role,9
restart,1
cellulose,3
valkeakoski,3
refining,8
shed,2
helped,3
ovi,2
fun,3
downloading,1
attached,4
oka,1
renovation,3
nonresidential,1
logistical,1
interaction,2
oleary,1
perth,1
installs,1
tail,1
lift,4
factor,8
tablet,4
hydronic,1
entitlement,2
cannedpreserved,1
guide,3
industryindependent,1
multilingual,1
modular,6
applicable,2
respondent,2
mediumsized,1
ervi,1
inform,1
ir,1
johanna,1
koskinen,2
participation,1
telephone,4
conducted,7
eet,9
verbund,1
advisor,1
precedex,1
iv,1
sedation,1
intubated,1
mechanically,1
ventilated,1
intensive,2
dow,2
jones,4
input,1
prothious,1
wwwprothiouscom,1
detailing,1
nationwide,3
outlet,6
bretagne,1
tournament,2
title,2
bargainpriced,1
audience,1
nomination,7
cybe,1
unanimous,1
proposes,3
election,3
rfid,1
radio,10
identification,2
intelligent,1
saved,2
remotely,2
rk,1
fesco,3
nurminen,3
intermodal,1
sp,2
kept,2
ubs,2
reaffirmed,1
article,3
prepares,1
wellingborough,1
highperformance,1
portable,2
rakvere,2
lihakombinaat,1
minority,5
midjuly,2
krister,1
kylas,1
leave,4
shuweihat,1
got,4
desalination,1
simmons,2
elected,4
dcuc,1
portsmouth,1
nhgordon,1
council,6
renovate,2
stockholmbased,1
hired,1
casper,1
von,2
koskull,2
merchant,4
proven,3
simplify,2
objectively,1
organized,3
symphony,1
technoparks,2
modern,10
highclass,1
modelling,2
concrete,4
delivering,3
creation,2
hfc,1
fibrecoaxial,1
xdsl,1
etth,1
tap,4
pocketable,1
netbooks,1
mediaphones,1
connected,1
invehicle,1
infotainment,1
availability,2
highlighted,1
kgroup,1
equalweight,1
holmen,2
underweight,1
highquality,9
lanxess,1
cw,1
mechanic,1
hydrogen,2
peroxide,2
pb,1
decoration,4
bag,5
nav,1
withdrawing,1
financially,3
feasible,1
studying,2
feasibility,3
processed,2
strength,7
apetit,3
egm,2
electrification,2
enthusiasm,1
desk,2
person,19
autumn,13
depository,1
noticeable,3
competency,2
tietoenators,1
homepage,1
wwworionfi,1
wwwkauppalehtifilive,1
installment,1
cinema,3
olavi,1
linden,1
artistic,1
journey,3
dozen,2
grand,1
whitefield,1
star,5
teus,3
manages,7
bar,2
photo,1
hayward,1
califbased,1
casual,1
dress,3
footwear,1
boot,2
sandal,1
innova,3
downtown,4
vicinity,2
paviljonki,1
walking,3
distance,3
heart,2
interchange,1
editorsinchief,1
timetable,4
negotiating,6
wind,9
charting,1
kyroskoski,3
nekoski,3
contracting,4
upstream,1
downstream,1
encompassing,1
others,4
surfing,2
weather,4
boost,1
remodeled,1
cannon,1
prague,1
celebrated,1
feedersupply,1
crushed,1
enefit,2
taiwan,4
loadbearing,2
roof,4
partition,1
element,3
oxyview,1
pulse,2
oximeter,1
check,5
bloodoxygen,1
saturation,1
retaining,1
fee,5
governemtn,1
commiting,1
pay,20
eek,7
pulpwood,1
frontedge,1
folding,3
maximizes,1
resilience,1
seamless,1
chikunov,1
brief,5
niche,4
black,5
decker,2
husqvarna,2
outdoor,3
k,6
ryobi,2
scott,3
miraclegro,2
contribute,5
campofrio,1
groupe,1
smithfield,2
sfd,1
find,9
costefficient,1
phosphorous,1
removal,4
storing,1
dosing,2
continuous,2
desktop,3
remote,4
facilitates,1
resourcing,1
health,3
vaccination,1
monitoring,4
remains,3
repurchased,3
otherwise,5
shipyard,4
andalusia,1
prime,2
myllypuro,1
upgrading,1
mso,1
unified,2
shared,1
logging,2
auditing,1
setting,2
highdensity,1
interconnection,2
sriperumbudur,3
near,16
innofactor,2
fulfilling,1
communal,2
eco,1
driver,3
plywood,8
despite,2
writing,1
collaboration,2
antti,2
tuuri,1
settop,2
box,5
flat,4
basestations,1
towertop,1
amplifier,4
microwave,1
race,1
onto,3
garner,1
londonbased,1
cc,2
beauty,1
version,10
chichi,1
loop,1
shade,2
deka,1
showroom,1
fortitude,1
tracker,1
collar,1
hunting,2
allowing,1
monitor,1
movement,1
map,9
ulefos,1
manhole,1
megapixel,1
mouse,2
instead,3
dpad,1
clickhappy,1
needed,7
forever,2
printing,19
covering,5
attempt,4
recover,1
replacement,2
clamp,1
utah,1
wanted,1
skiequipment,1
klo,1
invite,4
warmly,4
lansio,1
veracel,2
preparing,3
appeal,2
clarification,1
judgement,2
watchtower,1
highest,3
audit,1
trail,1
traced,1
wwwcountryelementscouk,1
patricia,2
burt,1
distinctive,2
hooked,1
rug,1
created,6
dyed,1
dye,1
assa,2
abloy,2
neutral,2
lock,2
competence,5
reference,3
onodi,1
stefan,2
arxikon,1
srl,4
matkavekka,1
reasonable,1
eseries,1
equipped,8
stylised,1
dave,1
grannan,1
defence,1
attacker,1
detect,1
capturing,1
grabbing,1
screen,3
capture,3
keylogging,1
michael,3
frei,1
principle,1
vaalipalveluservice,1
excited,3
partnering,1
rbff,2
executing,1
locationbased,1
appealing,1
sense,3
db,2
lindsey,1
liddell,1
gathered,1
considered,4
taking,8
citycon,11
eero,5
sihvonen,1
chf,2
flex,1
lender,4
fork,2
webbased,2
wrote,4
intel,6
atom,2
processor,3
tremendous,1
pankaj,1
kedia,1
ecosystem,1
mobility,8
tom,1
doring,2
career,4
know,7
uniting,1
smooth,1
dinner,1
wwwcityconcom,1
dataonly,1
push,2
multiple,6
sim,1
outdoors,1
birchbranch,1
coaster,1
downloadable,1
instruction,1
instructional,1
idea,7
awardwinning,2
everywhere,1
punch,1
wwwfiskarscom,1
kveyt,1
suomalainen,1
pekoni,1
marketed,1
plumbing,6
sponsoring,2
dart,3
realignment,1
bicentenary,1
indicate,3
tahko,1
ski,7
spa,2
resort,2
piloting,1
lifted,5
veil,1
stereotyping,1
search,4
tata,2
airtel,1
abovementioned,1
investigated,1
lattelecom,3
nil,1
melngailis,1
explained,5
blackstone,2
krav,2
facilitate,1
listing,2
indicated,4
willingness,1
onroad,1
load,7
walden,1
ignatius,1
capitex,1
cathay,1
regenerative,1
asbuilt,2
communicated,3
accommodate,2
grc,2
reinforced,1
fabrication,2
manufactured,6
navigator,4
bluetooth,1
com,2
constantly,2
leminen,1
housing,10
zapadnye,1
vorota,1
immediately,6
gsm,3
congress,3
barcelona,1
entitles,1
subscribe,3
prof,2
elite,1
residence,1
tameer,1
dubai,2
marina,1
indexlinked,1
tutkimuksen,1
tahdet,1
viii,2
telpak,1
rival,7
tender,6
cee,1
aiming,1
altima,3
pole,3
causing,1
electric,3
roadway,1
merisatama,1
far,12
corner,1
asfaltti,1
osakeyhti,1
wellbeing,1
doctoral,1
thesis,4
diploma,1
dissertation,1
ranked,1
cooperative,6
loyalty,1
resting,1
comfortably,2
leaf,1
duration,6
countervalue,1
headbox,3
sizing,1
erection,1
supervision,3
etuovicom,1
penttil,1
lennart,1
simonsen,1
stead,1
usual,1
teho,1
popularity,1
smartphones,3
noora,1
niiininoski,1
timeless,1
style,2
employing,4
handpainted,1
resin,1
treble,1
cm,2
worldclass,2
magnetite,2
deposit,5
karara,1
maemo,1
replaced,2
imaging,1
distinct,1
united,15
supermarket,5
supermercado,1
kaido,1
kaare,1
pig,1
kaukopartio,1
specialized,2
knowledge,4
collated,1
icis,4
teknos,1
decorative,2
print,4
mba,1
runner,1
county,1
hosted,1
m,3
laakso,1
hr,1
smarket,1
netcom,1
turbo,1
sahlberg,1
teppo,1
kallio,2
mustonen,1
marking,1
lgpl,1
doubledeck,1
concentrated,1
meatpacking,1
calcination,2
circulating,3
fluid,2
bed,3
calciners,1
sinter,3
grate,1
dealership,1
eligible,2
drawing,1
silver,2
fourdoor,1
peigs,1
wwwpeigsse,1
sardus,1
latta,1
maltider,1
meal,2
belgium,9
italy,12
spain,6
coverage,4
baked,1
biscuit,2
breakfast,1
cereal,1
finished,2
chargz,1
sporting,2
peltonen,2
renzo,1
piano,1
wonderful,1
skyline,1
noud,1
veeger,1
merged,6
rushydro,1
oesk,1
ercs,1
inter,1
utilise,1
huge,5
pursuit,1
adjusting,2
ostrobothnia,1
loyal,4
yhteishyv,1
scopi,1
eng,1
extent,1
reflected,2
newpage,4
subjectmatter,1
cyclone,1
partly,5
molten,1
particle,1
cue,1
playbook,1
dillon,1
lion,3
heavyhitting,1
bootcut,1
jean,1
tummy,1
cowboy,1
renewal,1
organize,1
wtc,1
marski,1
aleksanterinkatu,1
lunch,1
served,3
convert,1
opensource,1
remuneration,5
contest,1
width,1
mmin,1
boxboard,1
chapter,3
described,4
leif,1
plate,6
quarto,1
degerfors,2
castle,1
willich,1
pressplate,1
prefab,1
avesta,2
crosscountry,5
alpine,1
floorball,1
stick,1
radome,1
considering,4
lowcost,1
hoped,2
stream,7
aeronautic,1
eads,1
nv,3
pledged,1
render,1
appear,2
pricing,7
offered,6
unmanned,1
represented,5
capable,3
normandy,1
midfrance,1
woodworking,1
sheksna,1
vologda,2
northwest,3
corrected,1
entirety,2
wwwahlstromcom,3
wwwcargoteccom,2
intriguing,1
mobilebased,1
internetbased,1
supercalendered,2
satisfactorily,1
restarting,1
older,1
newsprint,2
mc,1
pda,3
motorola,7
poundstretcher,1
operative,4
shift,4
integrate,3
realtime,4
album,1
streaming,2
parameter,1
determining,3
auto,2
mpra,1
kraski,1
teks,2
outsourced,3
scan,3
rehu,2
hankkijamaatalous,1
acquirer,1
sav,2
prerequisite,1
receipt,1
determined,3
advance,2
samsung,7
innovator,2
secondquarter,6
par,4
thirteen,1
heated,1
sludge,2
mixed,6
therein,1
study,14
evaluated,2
tolerability,1
pharmacokinetics,1
dos,3
intravenously,1
administered,2
antibody,5
plaque,1
psoriasis,3
prolongation,2
finnishswedish,7
locally,4
naturally,1
occurring,1
extract,2
rostelecom,2
rts,4
rtkm,1
millimetre,1
thinner,1
fixedtomobile,1
convergence,2
assume,1
copy,3
file,7
backup,4
student,2
universiti,1
sains,1
trip,2
penttila,1
consolidating,3
uniontown,1
pennsylvania,1
louis,1
missouri,1
durham,2
awareness,2
encourage,2
recycle,1
regular,2
showcase,1
internal,5
entice,1
connecting,1
fusing,1
personalized,1
tomorrow,4
unc,1
charlotte,1
deploy,2
tectia,6
connector,1
consecutive,3
seventeen,1
thirtyone,1
wwwupmkymmenecom,1
wayne,1
greensmith,1
something,1
vdw,2
lxe,1
enhances,1
scanning,2
keyboard,2
pakistan,2
household,4
yield,3
flexibility,1
vehvilainen,1
conversion,2
understood,1
diesel,4
renewable,4
belgian,3
kaarstroem,1
tt,1
ice,6
safe,1
suomi,4
nitrogen,1
nitrate,1
companywide,2
unrv,1
authorised,1
proceed,2
flurry,1
analytics,4
doublechecked,1
sure,2
aberration,1
literature,2
scala,1
nobel,1
biocare,1
bucking,1
slipping,1
tacked,1
booked,4
midstrength,1
skr,2
oneoffs,3
hence,1
actually,2
repaid,1
liability,3
rest,6
consideration,6
partially,2
repay,1
liquidity,3
eurochem,4
alexander,3
gavrilov,1
understanding,5
mou,1
collaborate,1
thank,1
ukonaho,2
seminar,3
clean,5
sponsorship,1
proving,1
cellphone,2
website,11
colorful,3
canvas,1
expression,1
mobileinspired,1
sentiment,1
growhow,2
swung,8
normally,3
custom,5
shipbuilder,2
depend,1
streamlining,4
henning,1
bahr,1
gruppen,3
praise,1
pave,1
gprs,2
proper,1
enhancing,1
predict,1
skanssi,1
powerful,3
indicator,2
offset,2
celbi,1
portugal,2
abb,4
deutsche,5
swissswedish,1
admired,1
vivid,1
curve,1
dietz,1
productive,1
mississippi,1
swoope,1
mda,1
ntt,2
docomo,1
juergen,1
converged,1
vinachem,1
occasion,1
skat,2
kind,7
rcp,1
andrey,1
ilyin,1
securing,1
potash,1
arab,1
qatar,1
linkspans,1
jordan,2
morocco,1
campbell,1
paperlinx,1
atul,1
chopra,1
elaborated,1
eager,1
mena,1
umbrella,2
mineracao,1
ltda,1
cumerio,1
med,1
jsco,1
vehvilinen,1
foremost,1
operated,3
sveza,2
earned,3
specialization,1
recentlyvia,1
fimentor,1
inception,2
stable,3
disciplined,1
proactive,1
screening,1
midmarket,3
rewarded,1
distinguished,1
brokerage,3
true,1
affordable,1
tco,1
profitable,6
effectiveness,1
convenient,1
nearby,1
jaroszowka,1
wysockiego,2
zgody,1
update,6
volotinen,1
glad,1
stiggoran,1
sandberg,1
journalistic,2
ollikainen,1
patronage,2
refund,1
feebased,1
walby,1
help,4
finnishgerman,1
homebased,1
eliv,2
ladle,2
bhushan,3
strip,2
mortar,1
ingerois,1
eubased,1
mf,1
bosniaherzegovina,1
aluminij,1
dd,1
mostar,1
anode,2
hk,12
ruokatalo,11
bottomline,1
trader,1
prosperous,1
changshu,1
hongmei,1
kraftliner,2
stahlberg,1
vp,1
lab,1
avcomparatives,1
tanzania,2
sanitation,2
assignment,4
rehabilitation,1
bukoba,1
musoma,1
situated,1
lake,2
victoria,2
turnaround,2
soaring,1
gawker,1
felt,2
nt,8
enough,6
wackiness,1
involved,9
activision,2
atvi,1
fish,10
might,2
catch,2
familyfun,1
poser,1
impress,1
delighted,5
announce,3
handheld,2
easier,3
bosse,2
beneficial,1
fennia,1
intellectual,1
relates,3
hydrocarbon,2
jet,3
blending,1
exactly,2
happened,2
weekday,1
baker,1
remind,1
resident,4
easter,1
wheat,1
rice,1
pie,1
engaged,7
dean,2
faculty,1
tkk,1
signal,2
permit,2
round,1
kuula,1
korpinen,1
apac,1
vice,17
demonstrating,1
importance,3
reliable,3
timetomarket,1
universal,1
entertainment,3
warner,1
emi,1
rotana,1
mazzika,1
melody,1
platinum,2
aggregator,1
orchard,1
vast,1
spot,4
alert,1
queue,1
summed,1
aptly,1
remarked,1
fantastic,1
nationally,1
swiss,2
franc,1
sharpest,1
protocol,4
hectare,6
addon,1
valve,3
instrumentation,1
cl,1
cloud,4
vertical,1
meteorological,1
rely,2
detection,2
smoothly,1
safely,1
waiting,1
urbanizing,1
deinking,1
ink,1
removed,1
recovered,2
executed,3
f,2
panfish,1
bluegill,1
merchandising,1
reflect,2
evolving,1
behavior,1
bjorn,2
wahlroos,4
accepted,1
korean,3
techsavvy,1
gill,1
hyunchang,1
korea,6
newswires,1
interview,2
fastest,3
easiest,1
humancentric,1
garry,1
mcguire,1
rmg,1
kcitymarket,1
sanomawsoy,2
uutislehti,1
midseptember,1
named,6
weighing,1
changing,4
lahti,4
warsaw,2
white,4
locatrix,1
track,8
locate,1
browser,3
moulding,1
orhangazi,2
scout,1
chic,1
cheerful,1
geometric,1
gardening,1
companiesandmarketscom,2
federation,4
pkc,5
pkcv,1
nutzfahrzeuge,1
harness,1
bus,3
spolka,1
zoo,1
certification,5
voluntary,1
tlcom,1
pellissier,1
protects,1
stored,1
nuclear,7
hydro,2
bit,2
outgoing,1
enduser,1
conferencing,1
sharing,2
attachment,1
worldleading,1
skier,4
virpi,1
kuitunen,1
taneli,1
hassinen,1
fradkov,1
forming,2
sophisticated,1
industryleading,2
fulfilment,1
lt,10
redeem,1
proline,3
easy,2
nst,1
semiproducts,1
diapol,2
multifield,1
agenda,3
agm,3
ngb,1
nn,1
eei,1
touch,5
xpress,2
classic,2
xm,1
lihakunta,1
itikka,2
osuuskunta,3
asiapacific,3
toplevel,1
itunesbased,1
accessible,1
windowsbased,1
macintosh,1
transferable,1
apple,4
ipod,1
grade,6
wwwmosmetroru,1
magnetic,1
centrally,1
manageable,1
suited,1
virtual,1
scholarship,1
westward,1
lean,2
inclination,1
leaning,1
pisa,1
diagrid,1
aligned,1
geometrically,1
honda,1
odyssey,1
minivan,1
nissan,2
armada,1
liljeholmen,1
bold,1
spinning,1
red,6
beautifully,1
ercols,1
napoli,1
sofa,1
tomtom,3
assurance,2
maya,1
joe,1
doering,1
prevention,1
alcohol,1
tobacco,2
smoking,4
associated,6
oral,2
cancer,2
cant,1
theyre,1
pride,1
exposure,2
bruce,1
hansen,2
svh,1
wolverine,1
calling,1
specifically,2
bestofbreed,1
po,1
dover,1
calais,1
rauma,1
suistio,1
enjoy,3
often,1
experimenting,1
privatization,1
browse,1
select,2
boater,1
angler,2
newcomer,2
frank,1
peterson,1
tapeks,1
noma,1
noncoherent,1
matrix,2
correlation,2
workshop,2
greatest,1
bulletin,2
statutory,6
undertaking,2
requires,2
satisfies,1
independence,1
individually,1
cdli,2
response,1
carbon,4
disclosure,3
cu,5
dallascity,1
fcu,1
enclosed,2
authorization,2
elect,2
haakon,1
skaarer,1
sixstep,1
timefocused,1
collaborative,1
homeowner,2
ecofriendly,2
compact,1
scalable,1
flexi,4
multiradio,2
sawn,2
wwwkeskofi,1
curfew,1
curl,1
bestseller,2
treat,2
luceplan,1
luxembourgregistered,1
amber,1
sanitas,1
forwarding,1
entrepreneur,2
seeking,2
fairly,1
justly,1
patrick,1
jeambar,1
hsea,1
geov,1
download,1
sparsely,1
populated,2
metropolitan,3
eleven,1
adapter,1
sap,3
netweaver,1
endorsement,1
integrates,1
erp,2
applauded,1
applying,2
factbased,1
datadriven,1
clarity,3
petition,2
celebrates,1
fiftieth,1
anniversary,1
exporting,1
detached,1
energyefficient,2
costanza,1
aluminum,3
washable,1
pistachio,1
stateoftheart,1
familiar,1
authentic,1
surmise,1
comfort,1
utilises,1
giving,6
painting,1
layer,4
coat,1
applied,6
exterior,1
separate,5
primer,1
pirkka,3
grip,1
topspeed,1
driving,3
lteready,1
band,5
pending,1
removable,1
stamp,1
case,4
dramatically,1
convenience,2
obtained,4
redeemed,1
iconic,2
symbol,1
excellent,2
ergonomic,1
multipurpose,1
eronen,2
svp,2
weber,1
convinced,2
ray,1
ostrom,2
lowerend,1
touchscreen,2
cheaper,2
highervolume,1
pick,2
vesa,1
laisi,1
slide,3
suitor,1
ruled,1
notably,2
surpassing,1
costcutting,3
vocollect,1
discounted,1
sort,1
little,5
impulse,1
baby,2
bib,1
purse,1
shopper,1
ca,2
commit,1
furniture,8
boomed,1
marilyn,1
monroe,1
oko,6
raiffeisen,1
concerning,18
acquitted,1
pricefixing,1
conspiracy,1
cooper,2
sh,1
minor,2
constructive,1
manner,1
tried,2
virgin,1
somaxon,2
nalmefene,2
cessation,2
indorussia,1
irritant,1
procedural,1
hassle,1
obstacle,1
milestone,3
critical,2
usp,1
roadmap,1
simon,1
button,2
elqav,1
industrialisation,1
aftermarket,2
sharp,1
cheap,1
telco,1
teaming,1
bullying,2
fight,1
teenager,1
channel,6
workout,1
pleasurable,1
chore,1
brian,2
inspiring,1
wider,2
lowend,2
kallasvuo,4
dominating,1
rail,4
infected,1
longdistance,1
complying,1
directive,1
pretreatment,1
renovated,1
hydraulics,2
degridding,1
sand,1
grease,1
deodorization,1
businesscritical,1
galvan,2
avoid,1
laying,4
must,3
enters,2
force,5
nonrestricted,1
super,1
nasty,1
eric,1
schultze,1
shavlik,1
paul,2
minnbased,1
patch,2
nordalu,1
shifted,1
simonson,1
retrieving,1
typed,1
keyloggers,1
mechanism,1
arrived,1
scene,2
phishing,1
pharming,1
nausea,1
skogster,2
voltage,1
consisting,2
birmingham,1
hampden,1
europeanwide,1
casualty,1
utm,1
inbound,1
outbound,1
counter,5
weakness,5
lodged,2
halted,1
bioview,1
automates,1
sequenced,1
apparently,1
utilised,1
inspects,1
kalinisky,1
difficulty,1
leaving,3
excessive,1
dubna,2
bounced,1
hitting,1
fivestorey,1
ecoefficient,1
gross,9
seawind,1
stuck,2
regal,1
kapellskar,1
paldiski,1
northwestern,2
stena,1
poseidon,1
panamax,1
pas,2
passage,1
panama,1
keskuskatu,1
backbone,1
pedestrianised,1
pedestrian,1
precinct,1
uncommonly,1
snow,3
roger,2
talermo,2
flsmidth,1
violated,1
interrupted,3
expecting,2
reaching,2
lhivakuutus,1
fierce,1
felled,1
tree,4
excluding,26
cancellation,3
kesbv,1
yearonyea,1
utilisation,1
newly,3
stavo,1
stavokonsult,1
kostiainen,1
lewa,2
netted,1
beteiligungs,2
modernisation,1
highspeed,1
nonbinding,2
aluminium,9
coordinated,1
krippl,2
tenth,2
contributed,1
yearold,1
orangehandled,2
derive,1
housewares,1
compete,2
ponv,1
swing,2
secured,5
gasfuelled,1
propulsion,1
mertano,2
bnamericas,2
roughly,2
bochum,2
excerpt,1
roshan,1
selfservice,1
bigger,3
exploited,1
effectively,3
tekes,1
lvl,4
claim,6
contented,1
fouryear,2
advertisement,2
helmet,1
insurer,4
shenzhen,2
considers,1
bbl,2
ulm,1
dusseldorf,1
frankfurt,3
subdivision,1
scania,2
stanley,1
heavyduty,1
recommendable,1
z,2
bakery,2
carmaker,1
hyundai,1
optimistically,1
allocated,2
flag,1
fias,2
sealed,2
nineyear,1
leaseback,1
newest,2
syndication,1
acnielsen,1
scantrack,1
cocacola,3
tver,1
s,2
quickly,4
hkan,1
dahlstrm,1
eightfold,1
tb,2
thebault,1
plyland,1
helander,1
swiftly,1
lasse,2
ongoing,5
mmx,1
takanen,2
proceeded,2
aspokem,1
auburn,1
cad,3
billing,7
bulk,2
commencing,1
cymed,1
delhaize,1
vocal,1
wt,1
renewed,1
rmrv,4
noav,1
sir,1
robert,1
mcalpine,1
watermark,2
ia,1
cuttolength,2
uruguayan,2
glav,3
dsov,1
bleaching,1
liner,1
washing,1
klabin,1
telmaco,1
borba,1
paran,1
qprv,1
posting,2
finnishowned,1
kft,1
recruit,4
staffer,1
fulfill,2
principal,5
galeria,1
podlaska,1
bia,1
ystok,1
leased,4
yokohama,1
nagoya,1
dc,4
graz,1
aalborg,1
mnmn,3
retained,2
salv,4
marktomarket,1
inked,2
appears,3
surveillance,2
projected,2
renew,1
jens,1
schultebockum,1
vodafone,4
potentially,1
lifetime,1
choosing,1
coagulant,3
helsingborg,1
wi,1
prnewswire,1
announces,1
scissor,1
manavigatorseptember,1
unveils,1
jv,1
ivrcl,4
bom,1
boiler,1
dry,2
evaporation,1
thermal,2
kaunisvaara,1
tapuli,1
sahavaara,1
navteq,4
commanding,1
turnbyturn,1
onstar,1
phil,1
magney,1
telematics,1
minnetonka,1
minn,1
sataflexo,1
chicagobased,1
database,1
garmin,3
managment,1
omeo,1
wwwomeose,1
lg,3
headboxes,3
rectifier,1
roll,2
dilution,2
imatra,1
centralising,1
reuse,1
pet,1
bottle,3
steadily,1
strapping,1
dip,1
petcore,1
lagardere,1
singapore,4
inorganic,2
andhra,2
pradesh,2
solvay,1
sa,5
solvaybasf,1
basf,1
zandvliet,1
southfield,1
mich,1
waiving,1
incurred,2
tune,1
systeemitiimi,1
skogberg,1
watertight,1
vana,1
regina,1
baltica,1
cobalt,1
norilsk,1
modem,2
comprised,1
carrierrelated,1
boomeranger,2
incur,3
indebtedness,1
expect,3
rmb,1
feel,3
exported,3
twenty,1
positioned,1
uruguay,2
substation,2
clearer,1
grainbased,2
comparative,1
uplift,1
iso,2
toward,2
januarymarch,5
soapstone,4
medvezhyegorsk,1
solvency,2
limit,5
japrotek,1
tank,4
agitator,1
blyk,2
brinkab,1
scaffolding,3
pellet,2
kiruna,2
lextel,1
cobranded,1
capitel,1
capitalize,1
similar,11
tecnopolis,1
jyvaskyla,12
specialising,7
moody,1
unsecured,3
mediumterm,2
emtn,1
nonprofit,1
interbank,1
camara,1
interbancaria,1
de,6
pagamentos,1
cip,1
sterling,2
commerce,3
internationalizing,1
ntc,1
geographical,3
closer,1
bohemia,1
czechrepublic,1
noting,1
brno,1
analyzed,1
peter,4
wiklof,1
rutav,4
rocketed,2
aktav,1
austin,1
texas,5
sept,6
compression,1
retrofit,1
tarmo,1
noop,2
film,1
extrusion,1
rani,1
plast,1
dental,1
hammaslaakarit,1
interactive,4
isps,1
subsidy,1
lngfuelled,1
honkamaa,1
viewpoint,1
aldv,1
interoperability,1
standardsbased,1
assuming,1
duty,4
activate,2
tecv,2
lanlan,1
bristol,2
specialised,1
stacker,3
ee,1
java,1
bali,1
sumatra,1
batam,1
alltime,1
correspondingly,1
tallinnhelsinki,1
ineta,1
zaharova,1
destia,2
aulasmaa,1
kopijyva,1
sokonet,1
inge,1
larsen,1
divided,6
tumkur,2
bangalore,3
netact,1
tpsvsaid,1
recoil,1
regeneration,1
paijathame,1
sister,3
matkatoimisto,1
smtand,1
bricksandmortar,1
workday,1
ingredient,2
contain,1
nutritional,1
poznan,1
pestka,1
edgar,1
edmonds,1
christian,1
fischer,1
fullyowned,3
almaty,1
nastola,6
southaven,1
kauhajoen,1
teurastamokiinteistot,1
kauhajoki,2
slaughterhouse,3
propertyfrom,1
straight,1
westerlund,2
lonnfors,1
took,8
unless,2
wwwcomponentacom,1
definitely,1
privatisation,1
represent,3
proposition,1
modify,1
lowest,3
bidder,1
awaited,1
ya,2
ulitsa,1
yamskogo,1
polya,1
ext,1
unimilk,1
xvi,1
businesssummit,1
fumv,1
establish,13
italahdenkatu,1
presented,1
hiidenheimo,1
replay,1
nonus,1
firmed,1
consultation,1
appropriate,3
occupier,1
wonderware,4
si,1
intouch,1
hmi,1
industrialsql,1
historian,1
dt,1
qi,1
spc,1
saku,1
evraz,2
lanebrook,1
beneficiary,1
millhouse,1
billionaire,1
roman,1
abramovich,1
abramov,1
frolov,1
absolut,1
exploring,1
possibility,2
borrowing,1
lnsikalkkuna,1
workforce,4
purchased,6
pori,2
christmas,2
till,1
ugglarp,1
skne,1
slovak,2
reding,1
bratislava,1
statecontrolled,1
svyazinvest,1
syrjnen,1
visual,2
identity,5
internationalised,1
gallup,1
fact,4
beef,3
kilo,3
soosalu,1
attention,3
aleksandri,2
maritime,3
januaryaugust,2
finnishrussian,1
notification,2
ameriprice,1
sat,1
sewed,1
evacuate,1
newbury,1
wwwyitgroupcominvestors,1
occupied,2
westpac,2
frn,2
vimpelcom,2
kyivstargsm,1
deere,1
dokumentori,1
budapest,2
egeszsegbolt,1
finton,1
alternately,1
vacant,1
signaling,2
crash,1
endaugust,1
einvoices,1
hacking,1
classified,1
riskware,1
fki,1
jiang,1
consultant,3
permanently,2
salo,4
pitprodukt,2
onemed,1
catalyst,3
polyolefin,1
flexibly,2
interconnected,1
mega,1
image,3
length,3
copyright,2
logo,1
terminator,1
subcontract,1
maintaining,1
designing,1
vijver,1
humo,1
entitled,2
deducted,2
require,1
customized,1
disclose,12
empresa,1
desarrollo,1
urbano,1
quito,1
innovaruio,1
ecuador,1
prepare,2
urban,2
mass,1
transit,1
jarvinen,1
rautakirja,2
ethanol,3
barley,1
mantyharju,1
facade,2
riga,3
ytyv,2
fancy,2
dans,2
fab,1
glasgow,1
auditor,3
receives,1
compensation,5
confectionery,1
bear,1
rugv,1
casting,2
samporosenlew,2
unlimited,1
cincinnati,1
constitute,1
possible,6
fly,1
destination,1
extra,3
issuing,2
allocation,2
view,3
numerous,1
boardman,1
indital,1
bangalorebased,1
nederland,2
bv,3
cnl,2
jaston,2
groep,2
probably,1
valuation,2
derives,1
shell,2
categorically,1
rsa,2
fixedterm,5
rebuilt,1
kpy,1
voimatel,1
flange,1
yorkbased,1
invitation,2
tornstrom,1
ionphase,1
aura,1
omena,1
matinkyla,1
sheffield,1
avestapolarit,1
itg,1
slo,1
kiilto,1
toptronics,1
normark,1
pellonpaja,1
mansner,1
hire,1
jyvaeskylae,3
njastein,1
mike,1
critch,1
dovre,1
toivola,1
hienonen,1
kershaw,1
sankey,1
leed,3
unicom,2
chu,1
hkse,1
shse,1
termination,3
metsabotnia,4
deriving,1
pohjolan,2
voima,3
utilising,1
winder,1
explosively,1
bakman,1
tallinnhelisnki,1
claiming,1
rumor,1
emergency,1
disclosed,24
wasteburning,2
merges,1
indication,1
handoff,1
invoicing,2
liechtenstein,2
serbia,1
indepth,2
paychex,1
payroll,5
guatemala,1
telgua,1
cdma,1
malinen,1
euribor,1
bps,2
refiner,1
protalix,6
wwwglobesonlinecom,1
itonut,1
flexiblebaseloadoperation,1
thewartsilagenerating,1
gasconversions,1
shorter,1
rosendal,1
outoteccom,2
eila,4
paatela,2
runway,2
calculated,4
assessment,1
tamil,1
nadu,1
saunalahti,1
burton,1
seller,7
anrak,1
pelletizing,1
sintering,1
composition,1
aqua,1
multifunctional,1
george,1
adam,2
steek,1
bordeaux,1
southwestern,2
wwwstockmanncom,1
varkaus,1
utilizing,1
residue,2
stuk,1
radiation,3
sullivan,1
publishes,1
postpaid,4
bk,1
optiflex,1
kdg,1
bidirectionality,1
dimension,2
perpendicular,1
breadth,1
draught,1
aforementioned,2
lassi,2
noponen,1
qa,1
anasmotet,1
junction,1
marieholm,1
condominium,1
propertos,1
complemented,1
marked,3
maturity,4
recession,1
unite,1
luumaki,1
readychex,1
reportable,1
asmi,1
investigate,1
tightening,1
headquarter,1
kennedy,1
laguardia,1
newark,1
teterboro,1
stewart,1
refurbishing,1
bathroom,2
replumbing,2
sewer,1
pipe,2
roro,2
rorocruise,1
depending,4
onboard,1
freighter,1
singaporean,1
masterbulk,1
propeller,1
gear,1
specialize,1
hitech,1
ecommerce,1
squarefoot,2
delegation,2
finnfund,1
alteams,1
mtyear,1
rugby,1
lutterworth,1
trained,1
paintshop,1
assistant,1
nugget,1
barleycorn,1
inaugural,2
speech,1
kyrolainen,1
ambassador,1
vary,3
taxpayer,1
wait,2
financed,3
parity,1
minimum,1
cause,4
isoprene,1
specie,1
hevea,1
brasiliensis,1
rubber,1
ipo,1
thailand,1
belonging,1
circle,1
saha,1
pathana,1
interholding,1
sepa,1
comprises,7
lesprom,2
treating,1
pilanesberg,1
crecent,1
mwe,1
introduction,2
entail,1
secondgeneration,1
moorestown,1
recruitment,2
karlstad,1
ghz,2
tdd,1
examines,1
polish,3
yet,7
prevailing,1
cosco,1
dohle,1
cido,1
unloader,1
totally,1
conveying,1
formal,1
statistical,1
evaluation,2
bracing,1
iphone,4
localisation,1
continuously,1
bloomberg,2
hautaniemi,1
elsewhere,3
paulig,1
oscar,1
puljonki,1
alise,1
artemis,1
barents,1
valga,1
lihatoostus,2
mak,1
moorits,1
exists,1
artemyev,1
dialing,1
quote,3
legrand,1
yvonne,1
chameleon,1
zao,2
moskovia,1
bawag,1
covered,4
jvc,3
stop,4
dvd,2
swedbank,4
hypotek,1
argentine,1
calafate,1
tapped,1
compatriot,1
finnegans,1
henry,1
gilchrist,1
coatingsrelated,1
malware,2
url,2
micro,4
rik,1
ferguson,1
wo,2
happen,1
overnight,1
always,2
cornerstone,1
reporter,5
lemiste,2
knowledgebased,1
lo,1
prnits,1
mainor,1
toolonlahti,2
disclosing,2
sportsequipment,1
schuldschein,1
pool,1
closedown,1
coker,1
tesoro,1
eagle,1
martinez,1
california,1
castell,1
placement,1
either,1
maine,1
nominal,3
abc,3
designer,1
crosstown,1
roundwood,1
franchising,1
nike,1
altra,1
kurkilahti,1
dioxide,2
reorganise,1
rana,1
degefors,1
retirement,2
wave,3
murmansk,1
administrative,1
commissioner,1
kurt,1
svensson,1
lumene,2
cosmetic,3
borlnge,2
marchapril,1
conducting,1
dukat,1
palace,1
fim,1
alpro,1
heikkil,1
refreshment,1
saarioinen,1
mkel,2
delisted,1
nmlist,1
accordingly,1
retailed,1
terminate,2
salaried,5
automate,1
preparation,3
ifrs,3
efi,2
behavioural,1
scoring,1
migration,1
legacy,1
eukor,1
rollon,1
rolloff,1
wallhamn,1
multidiscipline,1
deepwater,1
ahms,1
franchise,1
panindia,1
inflation,2
salovaara,1
cutter,1
assigned,4
marietta,1
ga,1
jaakko,1
vilo,1
harkonen,1
pentti,1
sipponen,1
osmo,1
suovaniemi,1
tapani,1
tiusanen,1
hansotto,1
scheck,1
identifying,1
tyrvaan,4
appearing,1
sastamala,2
neighbouring,1
tyrvn,2
governmentowned,2
initiating,1
alajrvi,1
vimpeli,1
perseinjoki,1
oslo,4
luxembourg,1
altona,2
maloney,1
tulla,1
fourthlargest,1
att,1
earnout,1
indiabased,1
wipro,1
berlin,1
liquide,1
exempted,1
left,3
ekaterinburg,1
kazan,1
rostovondon,1
demanded,1
overcharging,1
inspectorate,1
photonium,1
akseli,1
kirkkonummi,1
nivala,1
meadville,4
slice,1
reorganization,1
continually,1
predefined,3
businesstobusiness,1
newlyformed,1
iran,1
iraq,1
biotherapeutics,1
amex,2
plx,2
prospectus,1
vianor,2
conduct,4
lse,2
agricole,1
epa,1
aca,1
cagr,1
symbianbased,1
promised,1
lotus,1
traveler,1
kpi,2
bb,1
bc,1
berling,1
umo,1
veikko,1
laine,2
bluewin,1
vostok,1
mosenergosbytbody,1
mssb,1
altaienergosbyt,1
saratovenergo,1
sare,1
tambov,1
tasb,1
ofbodywhich,1
codenamed,1
byline,1
tim,3
moran,1
cellular,2
chicago,2
adequacy,2
basel,1
mezzanine,2
cardona,1
intersection,1
wherever,1
countdown,1
rainbow,1
trout,1
shad,1
rap,1
perch,1
cohen,2
steer,2
photomsn,1
aladdin,1
kaspersky,1
marshal,1
mcafee,1
panda,1
proofpoint,1
sophos,1
symantec,1
tumbleweed,1
websense,1
constructionreal,2
designtalo,1
synosia,1
allstock,1
machineryengineering,1
caverion,2
rentalrelated,2
cabot,2
michelin,2
pirelli,1
paris,3
boschbased,1
cayman,1
islandsbased,1
dubbed,1
gap,1
banked,1
iisalmi,1
rally,1
consulate,1
spoke,1
eletric,1
ev,2
dongguan,5
nancheng,1
grows,1
tendency,1
hollola,4
eriikka,1
sderstrm,1
agriculture,1
helirvaldor,1
seeder,1
counterpart,1
sirkkaliisa,1
interestbearing,1
featuring,3
gram,1
inch,1
vga,1
display,4
megabyte,1
memory,1
expandable,1
slot,1
gmo,2
mikkonen,2
dissolve,1
zealand,1
tailgate,2
zepro,1
anne,2
kariniemi,1
fibrebased,3
ahlv,1
spunlace,1
chirnside,1
successor,1
nembv,3
scfv,2
kitron,1
irish,2
alnv,3
apiece,3
ttmv,1
vuosaari,2
harbour,1
designation,1
speculative,1
lakeville,1
unchanged,6
commence,3
delist,1
quatrocon,1
wintek,1
gearing,1
geneva,1
tero,1
aaltonen,1
innovational,1
beginner,1
spectrum,1
gsk,1
dartford,1
accountant,2
alberta,1
joined,1
headline,1
dated,1
acacia,2
settlement,2
sted,1
newswire,2
nextgeneration,1
exercise,3
nsn,1
netapp,1
strategically,1
repositioning,1
relaunch,1
bseries,1
hu,1
discount,3
igor,1
oleg,1
yankov,1
moron,1
vitim,1
converted,1
bitmapped,1
evli,1
eua,1
allowance,1
transported,1
whereas,1
asks,1
certainly,2
confirming,1
cliffton,1
entreprenad,1
mids,1
browsing,1
modification,1
effluent,1
follum,1
maritim,2
sandanger,1
manty,1
twh,3
discontinued,2
meantime,1
assumed,1
seppo,2
rantakari,1
limestone,1
coke,1
breeze,1
sintered,1
lump,1
blast,2
furnace,4
ironmaking,1
handled,1
indigo,1
somoncom,1
fullfeatured,1
connects,1
advisory,5
ism,1
shoe,5
headcount,2
nielsen,2
forwarders,1
janis,1
arbidans,1
celtnieciba,1
jeder,1
betatester,1
erhlt,1
kostenlos,1
sechs,1
monate,1
und,1
hat,1
laut,1
eigener,1
aussage,1
die,2
mglichkeit,1
finale,1
zu,1
beeinflussen,1
europolitan,1
nyman,1
schultz,1
gambro,1
renal,1
consolidation,4
reisholz,1
hundred,2
kfood,1
belarus,2
kirsi,1
koduextra,1
nonfood,1
rukax,1
scantukka,1
koff,1
karhu,1
reorganised,1
jam,1
realprojekti,1
finnishmade,1
roofing,1
asphalt,4
ceivd,1
warranty,1
intertek,1
natlabs,1
loudeye,1
wwd,1
mix,2
decor,1
powersupply,2
efov,3
opus,2
technoports,1
handli,1
sterv,2
ostroleka,1
mi,1
statedowned,1
pharmacy,2
monopoly,1
apoteket,1
luna,1
sixunder,1
beatriz,1
recari,1
martina,1
eberl,1
welsh,1
becky,1
brewerton,1
highestplaced,1
finisher,1
seventh,1
threeunder,1
shooting,2
maggie,1
ramsey,1
oregon,1
flock,1
frequent,1
manavigatornovember,1
snapshot,1
entreprenadmaskiner,1
crav,1
marathon,3
derived,1
secondary,3
turkcell,1
cukurova,1
mercator,2
logistic,1
slovenia,1
discontinue,3
spreader,1
finbow,1
churned,1
courtship,1
agreeing,1
mapping,1
beta,1
metsliitto,1
conciliator,1
salonius,1
nd,1
neither,1
genetically,2
engineered,2
soy,2
korteniemi,1
anneli,1
helokunnas,1
tuija,1
peltola,1
marjo,1
keskinen,1
salminen,1
tusa,1
kia,1
janhonen,1
risto,5
supposed,2
niina,1
nenonen,1
treasury,2
revealed,2
pankki,2
han,1
dalborg,1
reelection,1
inaugurates,1
inaugurating,1
parnu,2
nwc,1
contacted,1
okhta,1
revised,1
montevideo,1
granting,1
reactor,3
fennovoima,1
tvo,4
ipad,2
attach,1
preferred,3
learn,1
voicedirected,1
originally,2
pcmagcom,1
blog,2
spinoff,1
northrhine,1
westphalia,1
ahola,1
pa,1
chase,1
pohjoa,1
leadmanagers,1
philip,1
divide,1
plccompany,1
pursuant,1
wwwseahawkdrillingcom,1
tab,1
swap,1
bnpp,1
cba,2
kotikokki,1
euronext,3
safran,5
sna,2
adjustable,1
multichannel,1
singlechannel,1
mp,1
snapper,1
nothing,1
else,1
resposnible,1
marek,1
hintze,1
identical,3
lhikauppa,1
lidl,1
jalo,1
dormus,1
rlnordic,1
raiffeisenbankinggroup,1
raiffeisenleasing,1
rockwell,1
collins,1
deck,1
cabin,2
priced,1
wwwsampocom,1
francisco,2
la,1
vega,1
highend,1
thin,2
schwalm,1
sdm,2
generator,2
hoist,2
seventythree,1
archestra,1
projektivuokraus,1
vtmrakennuskonevuokraamo,2
personally,1
parttime,2
sonoco,1
demolli,1
industria,1
cartaria,1
primetass,1
kim,2
stichting,1
pensioenfonds,1
whollyowned,2
labor,2
papermaker,1
nation,3
picture,1
nearshore,1
locomotive,1
talv,1
bioheapleaching,2
technologyoriented,1
oppohjola,4
opk,1
valueadded,3
emt,2
nepal,1
population,2
affecting,1
teollisuuden,2
shortlisted,1
euapwr,1
areva,1
toshiba,1
ge,2
hitachi,1
trace,2
origin,1
raahe,6
avc,2
systemhaus,2
cableway,2
tour,1
ivan,1
seidenberg,1
tokyomitsubishi,1
ufj,1
acted,2
vtb,1
mortgage,3
ruble,2
tomato,1
carrot,1
egg,1
respecta,1
samuel,1
koivisto,1
realize,1
investlesprom,1
dairy,2
edible,1
readymeal,1
icecream,1
multinational,1
casing,4
pivotable,1
rotation,1
axis,1
bench,1
litter,1
receptacle,1
toilet,1
shelter,2
distributes,1
possession,1
tyumen,1
chelyabinsk,1
khantymansi,1
autonomous,1
reiterates,1
midsized,1
longer,6
architecture,2
petrochemical,2
catering,2
tomsk,1
shut,2
eurobond,1
compnay,1
multistorey,1
carpark,1
peeling,4
drying,2
grading,1
allotted,2
criterion,1
incorporates,1
sm,1
wap,1
muling,1
kemian,1
bluecollar,1
viewing,2
wwwsampocomir,1
tenyear,1
planmill,1
twentyone,1
saarijarvi,1
employer,2
millilitre,1
screw,1
parliament,2
excise,1
publishing,5
lgu,1
interavanti,1
ticket,1
lippupiste,2
ct,1
eventim,1
copying,3
cadmodelling,1
sokopro,1
courier,1
shopinshops,2
avenue,4
manhattan,1
flatiron,1
toy,2
comtex,1
fullfunction,1
weighs,1
kilogram,1
centimeter,1
lmt,1
initiate,1
hosting,3
participating,2
optionally,1
assist,1
girder,1
ylivieska,1
insolvency,1
regulates,1
permitted,1
write,2
pershare,2
overlaid,2
birch,3
dinh,2
volkswagen,2
audi,2
stt,1
completely,2
op,1
iterating,1
ax,1
simulating,1
obligated,1
isk,1
cbd,1
bangkok,1
challenger,1
logset,1
meant,1
kroksberg,1
harnosand,1
veda,1
gulf,4
bothnia,3
wellmont,1
och,1
inrikes,1
tidningar,1
clerical,2
chart,1
parquet,1
plyfa,1
hassela,1
followon,1
backlog,2
renewing,1
consist,1
liftaway,1
weatherdeck,1
ranging,2
pntz,1
pervorouralsky,1
gama,1
endustri,1
tesisleri,1
imalat,1
montaj,1
sitra,2
oras,1
avena,1
magnet,1
turbine,2
anjalankoski,1
jarvenpaa,2
karhula,1
bioethanol,1
platen,3
edge,2
protrusion,1
exert,1
pressure,1
tallon,1
walker,1
inverter,1
incorporating,1
nongmo,1
separationfiltration,1
nokiabranded,1
battery,1
implies,1
parking,2
niam,2
whitehall,2
repo,1
asahi,1
kasei,1
buckeye,1
ei,1
emailed,1
rme,1
telcontar,1
calculate,1
userdefined,1
navigability,1
multimodal,1
routing,1
potato,1
finishing,2
radar,2
calibrate,1
segu,1
servicing,2
suutari,1
eos,1
innovationsmanagement,1
founder,2
serial,1
constitutes,1
relating,1
proof,1
pharmacodynamic,1
corroborate,1
dose,1
programming,1
computerrelated,1
etc,1
ucell,1
petersburgbased,1
cycle,3
constructed,1
train,3
vostochny,1
pohjantahti,1
validation,1
verifying,1
administrator,2
fulfil,1
wwwruukkicominvestors,1
lightsquared,1
fincantieri,1
principally,1
egypt,1
attend,1
wwwglassworldexcom,1
substitute,1
seem,1
pekkarinen,1
stuttgart,1
evening,2
departure,1
sunday,1
iii,1
abbott,1
ebrd,4
motor,2
sunk,1
depth,1
mud,1
vacuum,1
pensionable,1
corrensponds,1
domestically,1
neighboring,1
organically,1
veliky,1
ustjug,1
oblast,1
tex,1
tn,1
telia,1
turntable,1
vibrocompactors,1
gansu,1
hualu,1
costumer,1
twice,1
kiikoinen,1
uzbek,1
coscom,2
interfax,1
uncertainty,4
exist,1
sekm,3
cs,1
ppmi,1
unilever,1
sinappi,1
myllykoski,2
creditor,1
cph,1
botnia,1
establishment,1
chambersburg,1
detector,1
precipitation,1
intensity,1
distinctly,1
think,1
bedroom,1
cool,1
makeover,1
virala,2
mode,2
coop,1
splitscreen,1
multiplayer,1
twelve,2
deadline,1
oversee,1
votorantim,2
celulose,1
papel,1
vcp,1
conglomerate,1
yaroslavl,1
kausta,2
highrises,1
virsuliskes,1
bavaria,2
industriekapital,2
offenburg,1
christine,1
idzelis,1
cumulative,1
compagnie,1
financement,1
foncier,1
vap,1
climate,2
synonymous,1
fray,2
bentos,2
forestal,2
oriental,2
lcc,2
finn,1
digicel,2
tent,1
haiti,1
maarten,1
boute,1
finding,2
karvinen,2
stavebni,1
doprava,1
mechanizace,1
leakage,1
gypsum,1
pond,1
detected,1
digv,1
mobilephone,1
nokv,2
tenant,3
preprocess,1
packet,1
determine,1
fashion,1
involving,2
polled,1
rated,1
accumulate,1
laitinen,1
triple,1
bjrn,1
j,1
refurbish,1
kersberga,1
forma,3
equal,2
pirila,1
parvi,1
dinosaur,1
thomas,2
hoyer,2
patrik,1
flykt,1
alakoski,1
tapio,2
suihko,1
nadarajah,1
asokan,1
internettype,1
elimaki,1
apparatus,1
kontturi,1
rajamaki,1
ylinen,1
hyvinkaa,1
usercontrolled,1
depends,1
unquoted,1
android,1
app,2
surveyed,1
scrapped,1
consequence,2
sourced,1
peat,2
galerie,1
totaling,2
persistently,1
bm,1
boomerang,1
typically,2
stockholmheadquartered,1
hallbergivarsson,1
commenting,1
shane,1
lennon,1
similarsized,1
karkkila,1
weert,1
barum,1
matador,1
curator,1
theme,1
attributed,1
empty,1
alfred,1
palmberg,2
pusher,1
barge,1
mce,1
plain,1
ny,1
andlinger,1
katajavuori,1
yearlong,1
sabbatical,1
enp,1
eq,1
suyv,2
fallen,3
lightweight,1
fl,2
icelandair,1
bluebird,1
demerger,1
niemi,1
oriola,1
multitools,1
knife,1
compass,1
lighting,1
pedometer,1
restructured,1
emphasis,2
slid,3
invenergy,1
gasco,1
ruwais,1
guangdong,2
sinocast,1
qingyuan,2
province,1
toppled,1
semitrailer,1
barstow,1
lat,2
kazakh,1
telecominvest,2
payphones,1
peterservis,1
verification,1
signature,2
stateapproved,2
cast,1
strawberryrhubarb,1
applepear,1
ornav,1
quadriga,1
pumpmaking,1
nikkiso,1
maruti,1
searched,1
yekaterinburg,1
flying,1
profiling,2
ostrava,2
relocated,2
sacanfil,1
inha,1
lcd,1
guder,1
requisition,1
equaling,1
sodium,1
nitrite,1
karachi,1
zxx,1
centralized,2
dissolved,1
salvor,1
laavainen,2
benecol,3
latvenergo,1
xpower,1
lcs,1
precontract,1
lieksaare,1
regarded,1
calibration,1
radiosonde,1
observation,1
sparebank,2
sbgrp,1
jarle,1
haug,1
finans,1
zanadvorov,1
moreover,2
kito,2
intend,1
mhs,1
virent,1
catalytic,1
biofuels,2
koreabased,1
atlas,1
jortikka,1
kr,1
vasantha,1
eaton,2
koistinen,1
mcdonald,1
solo,1
doobie,1
brother,1
song,1
powerplant,1
hallein,1
gohrsmhle,1
outplacement,1
myspacecom,1
submission,1
emmy,1
identify,1
aspiring,1
artist,1
nviro,1
independently,1
novotel,1
gloriya,1
tier,1
middleeast,1
southafrica,1
mind,1
alumina,1
ovum,2
imsm,1
graafiset,1
palvelut,1
carton,1
lighter,1
faller,3
processguide,2
standalone,1
quartal,1
renesas,2
heading,1
altadis,1
rim,2
revamped,1
blackberry,2
o,1
ui,1
rimi,1
magistral,1
rimvesta,1
estonianowned,1
ell,1
nekilnojamas,1
turtas,1
merko,1
raty,1
archicad,1
rohwedder,1
rosa,1
duckburg,1
illustrator,1
rubin,1
controlling,3
sixth,1
inhouse,1
opna,1
pollex,1
trygvesta,2
gdf,1
suez,1
varesvuo,2
legislative,1
lappeenranta,1
aside,1
happens,1
megamart,1
eataly,1
meaning,1
kid,1
authentication,3
mobileid,1
sslvpn,1
sharepoint,1
gemalto,1
dash,1
shelved,1
liising,1
sari,1
baldauf,1
hintikka,1
appoint,1
highway,1
headed,2
lynn,1
shanahan,1
organised,1
daxtum,1
kapuli,1
mantsala,1
beside,1
hankomantsalaporvoo,1
readership,1
proforma,1
evidence,1
cartel,3
brussels,1
discussed,1
divest,1
cultivation,1
count,1
ver,1
sculptural,1
rabochy,1
kolkhoznitsa,1
collective,2
farmer,1
melting,1
ammonia,1
billingham,1
ince,1
speciality,1
offsetprinting,1
aftertreatment,1
florida,1
rock,1
hauling,1
commodity,1
cps,1
coowner,2
hard,2
spraying,1
einvoice,1
ascs,1
osuuskauppa,1
suursavo,1
etera,1
forwarded,1
unknown,1
logged,1
merchandise,1
underutilisation,1
agrees,1
compiling,1
diameter,1
ietf,2
rfc,2
ea,1
reng,1
lumberman,1
timber,2
neya,1
rf,1
robot,1
argentina,1
adoption,1
ethernet,3
adopter,1
backhaul,1
bullet,1
lettable,1
ratasmaki,1
selloff,1
auction,1
bloc,1
cpps,1
undertaken,1
oriented,1
eou,1
khopoli,1
pietarsaari,2
heineken,1
hartwall,1
productionrelated,2
entitle,1
execution,1
journalism,1
caused,3
premedia,1
vashi,1
insteel,1
ltdiivrcl,1
cidco,1
partial,1
ovako,1
philadelphia,1
thirdparty,2
feeder,1
wenchong,1
highpower,1
seismic,1
compressor,1
machineroomless,1
monospace,1
perlos,1
leasable,1
vacancy,1
let,4
krogerus,1
unrivalled,1
interdigital,1
funded,1
conceptual,1
reftele,1
maskinservice,1
spare,1
seafood,1
bio,1
demonstrated,1
aava,1
multiwindow,1
tag,1
eighteen,1
furusund,1
charter,2
telling,1
marketbased,1
multiyear,1
usually,1
webmarela,1
vishakapatnam,1
vizag,1
kick,1
amsterdam,1
pavement,1
drainage,1
antonio,1
relinquishing,1
ci,1
lacquered,1
clock,1
stripy,1
handcrocheted,1
kolorit,1
velta,1
veltabranded,1
twounit,1
olkiluoto,1
repeating,1
forthcoming,1
keiju,1
makuisa,1
pyszny,1
duet,1
basement,1
straddle,1
unlisted,1
biologicals,1
diseasespecific,1
supplement,1
diabetes,1
hepatitis,1
asthma,1
cardiovascular,1
ailment,1
teva,2
lightning,1
tomas,1
turkustockholm,1
exempting,1
antidumping,1
pact,1
hear,1
visa,1
southeast,1
jung,1
fh,1
retain,1
roi,1
warning,12
lye,1
leak,1
occurred,1
acando,1
acanb,1
kronor,2
perkonoja,1
tekmanni,1
forssan,1
betoni,1
suonenjoen,1
betonituote,1
disappear,1
craft,1
flew,1
struggled,1
malting,1
fueled,1
industrialization,1
qualcomm,3
fewer,2
landsbanken,2
cerberus,1
lpbacked,1
periodend,1
equivalent,2
poorest,1
xa,4
tightened,1
cutting,12
dampened,1
slight,3
rigid,3
huhtamki,1
moisio,1
oneoff,3
wording,1
purchasing,2
rationalize,1
biofuelfired,1
chp,3
vartan,2
lundbeck,1
southkorea,1
kicking,1
dismissed,5
instance,1
fasten,1
trim,1
republication,2
redistribution,2
framing,2
expressly,2
prohibited,3
written,3
consent,2
mlnon,1
subgroup,1
filmiteollisuus,2
extracted,1
filtrate,1
dried,1
cake,1
moisture,1
tmlsfor,1
ojalayhtyma,1
snag,1
rejected,2
incorporate,1
denies,1
split,3
reproduction,1
withdrawn,1
suspend,1
redundancy,2
seppanen,1
slogan,1
misleading,1
concern,13
premature,1
clausen,1
refused,3
consider,1
capcom,1
evil,1
degeneration,1
ngage,1
disagree,1
ollipekka,4
pehulehtonen,1
tornio,2
suspected,1
rendered,1
filling,2
boring,1
worrying,1
night,2
rinne,1
adapt,1
shortlived,1
monster,2
bodily,1
injury,1
quadrupled,1
closure,4
revise,1
digitally,1
mistake,1
scheme,8
wwwsanomacom,1
absentee,1
priceshare,1
gratuitous,1
wife,3
paycheck,1
quipped,1
sixknot,1
swirled,1
anchored,1
heavily,2
sponsored,1
sled,1
recalling,1
tourist,1
tweeple,1
cautious,2
clicking,1
tinyurls,1
expensive,2
twist,2
worm,1
corrupt,1
toxic,1
osmium,1
tetroxide,1
permeri,1
northernmost,1
crew,2
stricter,1
sel,1
hasten,1
bargaining,1
strike,7
pine,2
karelia,1
trying,3
fantuzzi,1
ilkkayhtym,1
reactive,1
inconsistent,2
prosecutor,2
advised,1
rabbit,1
bow,2
tie,1
formadehyde,1
dispose,1
alpina,2
lebanon,1
wax,1
satin,1
styled,1
outfit,1
worn,1
beckham,1
prom,1
ncc,1
krona,1
colaflavoured,1
antniemi,1
refuted,1
reorganizing,1
orkola,1
depressed,1
laborious,1
stressful,1
arcelormittal,2
lakshmi,1
mittal,1
redundant,6
provisional,1
slaughtering,2
curbed,1
racked,1
sidewalk,1
bovine,1
kuopio,1
reshuffled,1
loses,1
jt,1
bergqvist,1
resigned,1
chairmanship,1
intention,2
retire,1
papermaking,1
wastefired,1
brista,1
biofuelsbased,1
delayed,3
strictly,1
regulated,1
losing,2
save,4
resignation,3
varpaisj,1
rvi,1
stopped,2
dismissal,1
paradoxical,1
parallel,1
compulsory,1
oversupply,1
disappointment,2
folded,1
awkward,1
police,2
terrorized,1
male,1
gunpoint,2
maple,1
kidnapping,1
renounce,1
korhonen,1
lapin,1
slashed,2
wats,1
furlough,1
reka,1
kohtamki,1
powerless,1
stadigh,1
arteva,1
vicechairman,1
crude,1
barrel,2
chaim,1
katzman,1
question,2
mar,1
requesting,1
monetary,1
damage,2
organisational,1
quarterlyannual,1
frenzy,1
block,8
hervy,1
denied,1
inspected,1
permission,2
norwegianregistered,1
mt,1
sten,1
manned,1
filipino,1
execute,1
midoctober,1
shock,1
outright,1
liquor,1
watching,1
retiring,1
swot,1
categorization,1
repeal,1
benelux,1
chilled,1
essent,1
owning,2
enexis,1
alloy,1
ferrochrome,1
manganese,1
reportedly,2
searching,1
threat,2
edging,2
seinajoki,2
welding,2
inculding,1
shadow,1
lip,1
gloss,1
mascara,1
vicepresident,1
shivakumar,1
concerned,3
originated,1
envisages,1
gatehouse,1
incident,1
cease,1
shipbuilding,1
singulase,1
winded,1
roving,1
ehitus,1
sauk,1
fired,1
spruce,1
bark,1
chipped,1
milled,1
liquidated,2
loose,2
x,1
coalfired,3
hanoi,1
kemijrvi,1
redesigned,1
crushing,1
practically,1
except,1
kyivstar,1
expire,2
hedging,1
upset,1
bad,1
barbeque,1
postponement,1
fixedperiod,1
apriloctober,1
jeopardising,1
cruising,1
rev,1
click,2
contained,1
bogus,1
imitates,1
retrieves,1
canceled,5
dino,1
retired,1
slavery,1
perspective,2
deramus,1
writer,1
detroit,2
responded,1
posed,1
usage,1
renewables,1
collision,1
taping,1
jimmy,1
kimmel,1
thief,1
stealing,1
smith,2
expires,2
mara,2
lehtiyhtyma,1
expired,1
phillip,1
frost,2
tase,1
chuck,1
spending,2
herttaassa,1
flagging,1
ogden,1
oao,1
grodno,1
decaliter,1
inflatable,1
rib,1
hiring,1
differs,1
surcharge,1
differ,3
iceland,1
troubled,1
blocking,1
twocar,1
accident,2
markku,1
hangasjarvi,1
eriksson,1
cold,2
suspect,2
stole,1
burgundy,1
ntsb,2
subsequent,1
intermittently,1
failed,3
annulled,1
difficult,4
jrvi,1
fragmented,1
suomussalmi,1
kuhmo,1
codetermination,1
unveiled,1
resurrect,1
ailing,1
mursula,1
gather,1
macroeconomic,1
niklas,1
shedding,1
mainstream,1
lisle,1
ill,1
complexity,1
routine,1
difference,1
yen,1
dualfuel,1
caput,1
quitting,1
nicotine,2
designated,1
bollore,1
societe,1
dexploitation,1
du,1
vridi,1
setv,1
abidjan,1
ivory,1
evidentiary,1
investigation,1
woro,1
kommerts,1
vastsekuuste,1
wwwinvestinestoniacom,1
yliopistonrinne,2
sight,1
kymi,1
marinated,1
olive,1
pate,1
restriction,2
unbelievably,1
thorwoste,1
forging,1
projection,2
costly,1
thinly,1
balloon,1
alter,1
traveling,1
depart,1
yakima,1
downturn,1
zip,1
warned,1
guess,1
pushed,3
maybe,1
crazy,1
leaked,1
border,2
guard,1
banned,1
mooring,1
carshipping,1
railroadcar,1
checkpoint,1
lassila,6
tikanoja,6
latv,2
petrol,1
wiio,1
dolce,1
gabbana,1
declare,1
unikko,1
floral,1
invalid,1
downgraded,1
swedishfinnish,1
upmv,1
underperf,1
stoppage,1
hack,1
nefarious,1
tweet,1
activated,1
clicked,1
surfer,1
cursor,1
triggered,1
uncertain,1
fined,2
trouble,3
archipelago,1
island,2
threatening,1
littleknown,1
hbos,2
plummeted,1
penny,2
divisional,1
emsa,1
juri,1
heard,1
courthouse,1
saltonstall,1
imputed,1
burdened,3
stemming,1
thicker,1
aaland,1
eaten,1
sizable,1
nor,1
backdrop,1
meltdown,1
worsethanexpected,1
landed,1
damaged,1
criticising,1
cry,1
tariff,1
hike,1
hardest,1
breakeven,1
ignored,1
icy,1
deemed,1
simply,1
neteller,1
grievance,1
overtime,1
weaker,2
meiklejohn,1
normalized,1
devalue,1
tight,1
taloustutkimus,1
badly,1
maaseudun,1
tulevaisuus,1
januarydecember,1
kiosk,1
suffered,1
roce,1
settled,1
thyssenkrupp,1
otis,1
schindler,1
alleged,1
dark,1
horizon,1
bottled,1
conservative,1
raab,1
karhinen,1
ranking,1
pure,1
bo,1
annvik,1
morna,1
cowie,1
lovely,1
coupled,1
consistent,3
oasis,2
allure,2
excellently,1
stability,1
braking,1
praised,1
finnishness,1
ideally,1
tell,1
hanninen,1
slitting,1
intuitive,1
movie,1
realistic,1
lookout,1
restoration,1
recommend,1
saysjouni,1
haikarainen,1
emissionfree,1
delight,2
age,1
microwaveable,1
clothes,1
comfortable,1
skin,1
breathe,1
durability,1
newlycompleted,1
kretailer,1
trainee,1
qualified,1
kstores,1
acceptance,1
tamfelt,1
tafks,1
kelly,1
brockpahler,1
bright,1
pretty,1
technically,1
accomplish,1
versatile,1
cockroft,1
singer,1
friedlander,1
broking,1
omitted,1
rightfully,1
nonresponsive,1
unprofitable,1
speaks,1
healthier,1
newfound,1
dirk,1
citi,1
custody,1
adaptation,2
adequate,2
fixing,1
homebase,1
nonprofitable,1
rory,1
fitzgerald,1
sensing,1
disk,1
multimediacard,1
invented,1
ahvenainen,1
ruutana,1
odd,1
vosstaniya,1
argument,1
convincing,1
weekend,1
freezing,1
bonus,1
interference,1
noise,1
economically,1
groundbreaking,1
introduces,1
kapthing,1
steve,1
jackson,1
ebusiness,1
aboavista,1
broke,1
mold,1
sukhraj,1
dulai,1
boni,1
sue,1
culdesac,1
garage,1
typical,1
enduses,1
ceiling,1
nonvisible,1
fencing,1
formwork,1
pourings,1
limiting,1
heterogenous,1
lamp,1
adidas,1
disclaims,1
optimistic,1
inregard,1
tough,4
voip,2
speaker,1
shdsl,1
silja,1
attribute,1
drop,7
trailer,2
sky,1
helsinkistockholm,1
bts,1
configured,1
diagnosed,1
hostile,1
lp,2
conversation,1
seudun,1
jtehuolto,1
hornborg,1
merely,1
criticised,1
kidnapped,1
pge,1
belchatow,2
gw,1
meripori,1
pressuring,1
slash,1
northamerican,1
iiiii,1
suffering,2
pathological,1
gambling,1
addiction,1
wwwiciscom,1
wore,1
beanietype,1
jacket,1
salt,1
manyears,1
hietanen,1
burn,1
reduces,1
fluctuated,1
unstable,1
rerouting,1
dropping,2
sharply,2
disappointing,1
airspace,1
recommencing,1
stranded,1
accommodation,1
embroiled,1
disagreement,1
chip,1
qualcommpatented,1
boycotting,1
wage,1
occupies,1
madoff,1
ponzi,1
vanhanen,1
damaging,1
arrive,1
oneday,1
putin,1
mile,1
largely,1
amid,1
grappling,1
streamlined,1
comply,1
recall,1
traceability,1
plasterboard,2
voiced,1
fear,1
bctmp,1
nikkei,1
hang,1
seng,1
geberit,1
blaming,1
shrank,2
weakening,1
impairment,1
ghg,1
overseas,1
raiso,1
unaudited,2
avista,1
franklin,1
lorry,1
liora,1
podcast,1
harple,1
lowdown,1
demographic,1
contextual,1
depositary,1
reducing,1
marketfinanced,1
ease,1
alholma,1
midmay,1
distributable,1
mti,2
pecs,1
falling,2
zoltan,1
tallinnbased,1
aero,1
decline,4
weakened,2
ilk,2
halved,1
axa,1
tiev,1
plunged,1
lowered,3
norvestia,1
januarynovember,1
gmt,1
slow,1
diminished,1
cd,1
welllocated,1
kindergarten,1
derogating,1
preemptive,1
military,1
strive,1
achieving,1
viitaniemi,1
loading,1
mgkg,2
generally,2
tolerated,2
pharmacokinetic,2
characteristic,2
btt,2
rheumatoid,2
arthritis,2
ra,2
freenet,2
drillisch,1
breakup,1
krone,1
rebounding,1
centricity,1
seasonal,1
fluctuation,1
tougher,1
substantially,1
bread,1
kauhava,1
slumped,1
snowfall,1
steelmaker,1
drought,1
unconfirmed,1
politician,1
failure,1
differentiate,1
beleaguered,1
skandinavian,1
sailed,1
hurt,1
tiein,1
dramatic,1
rush,1
happening,1
blond,1
unlike,1
vibe,1
pentikinen,1
justified,1
hurdle,1
rop,1
practitioner,1
unfortunately,1
ruin,1
depositor,1
preference,1
lawmaker,1
burrill,1
notified,1
pequot,1
external,1
iprint,1
hs,1
sevenmonth,1
yy,1
newsroom,1
keywords,1
tecnomenresults,1
surprise,1
overshadowed,1
rebound,1
broader,1
